datum;wahl;ags;gebiet-nr;gebiet-name;max-schnellmeldungen;anz-schnellmeldungen;A1;A2;A3;A;B;B1;C;D;D1;D2
06.11.2022;Bürgerentscheid zur Abwahl des Oberbürgermeisters der Stadt Frankfurt am Main, Herrn Peter Feldmann;06412000;01001;010-01;1;0;NA;NA;NA;NA;NA;NA;NA;NA;NA;NA
06.11.2022;Bürgerentscheid zur Abwahl des Oberbürgermeisters der Stadt Frankfurt am Main, Herrn Peter Feldmann;06412000;01002;010-02;1;0;NA;NA;NA;NA;NA;NA;NA;NA;NA;NA
06.11.2022;Bürgerentscheid zur Abwahl des Oberbürgermeisters der Stadt Frankfurt am Main, Herrn Peter Feldmann;06412000;04001;040-01;1;0;NA;NA;NA;NA;NA;NA;NA;NA;NA;NA
06.11.2022;Bürgerentscheid zur Abwahl des Oberbürgermeisters der Stadt Frankfurt am Main, Herrn Peter Feldmann;06412000;07001;070-01;1;0;NA;NA;NA;NA;NA;NA;NA;NA;NA;NA
06.11.2022;Bürgerentscheid zur Abwahl des Oberbürgermeisters der Stadt Frankfurt am Main, Herrn Peter Feldmann;06412000;08001;080-01;1;1;565;148;40;753;181;51;2;179;158;21
06.11.2022;Bürgerentscheid zur Abwahl des Oberbürgermeisters der Stadt Frankfurt am Main, Herrn Peter Feldmann;06412000;09001;090-01;1;0;NA;NA;NA;NA;NA;NA;NA;NA;NA;NA
06.11.2022;Bürgerentscheid zur Abwahl des Oberbürgermeisters der Stadt Frankfurt am Main, Herrn Peter Feldmann;06412000;10001;100-01;1;0;NA;NA;NA;NA;NA;NA;NA;NA;NA;NA
06.11.2022;Bürgerentscheid zur Abwahl des Oberbürgermeisters der Stadt Frankfurt am Main, Herrn Peter Feldmann;06412000;10002;100-02;1;0;NA;NA;NA;NA;NA;NA;NA;NA;NA;NA
06.11.2022;Bürgerentscheid zur Abwahl des Oberbürgermeisters der Stadt Frankfurt am Main, Herrn Peter Feldmann;06412000;11001;110-01;1;0;NA;NA;NA;NA;NA;NA;NA;NA;NA;NA
06.11.2022;Bürgerentscheid zur Abwahl des Oberbürgermeisters der Stadt Frankfurt am Main, Herrn Peter Feldmann;06412000;11002;110-02;1;0;NA;NA;NA;NA;NA;NA;NA;NA;NA;NA
06.11.2022;Bürgerentscheid zur Abwahl des Oberbürgermeisters der Stadt Frankfurt am Main, Herrn Peter Feldmann;06412000;12001;120-01;1;1;495;173;37;705;175;49;1;174;150;24
06.11.2022;Bürgerentscheid zur Abwahl des Oberbürgermeisters der Stadt Frankfurt am Main, Herrn Peter Feldmann;06412000;12002;120-02;1;1;574;180;37;791;252;76;2;250;213;37
06.11.2022;Bürgerentscheid zur Abwahl des Oberbürgermeisters der Stadt Frankfurt am Main, Herrn Peter Feldmann;06412000;12003;120-03;1;1;769;285;41;1095;384;84;3;381;316;65
06.11.2022;Bürgerentscheid zur Abwahl des Oberbürgermeisters der Stadt Frankfurt am Main, Herrn Peter Feldmann;06412000;12004;120-04;1;0;NA;NA;NA;NA;NA;NA;NA;NA;NA;NA
06.11.2022;Bürgerentscheid zur Abwahl des Oberbürgermeisters der Stadt Frankfurt am Main, Herrn Peter Feldmann;06412000;13001;130-01;1;0;NA;NA;NA;NA;NA;NA;NA;NA;NA;NA
06.11.2022;Bürgerentscheid zur Abwahl des Oberbürgermeisters der Stadt Frankfurt am Main, Herrn Peter Feldmann;06412000;13002;130-02;1;1;493;187;29;709;183;34;2;181;160;21
06.11.2022;Bürgerentscheid zur Abwahl des Oberbürgermeisters der Stadt Frankfurt am Main, Herrn Peter Feldmann;06412000;13003;130-03;1;0;NA;NA;NA;NA;NA;NA;NA;NA;NA;NA
06.11.2022;Bürgerentscheid zur Abwahl des Oberbürgermeisters der Stadt Frankfurt am Main, Herrn Peter Feldmann;06412000;14001;140-01;1;0;NA;NA;NA;NA;NA;NA;NA;NA;NA;NA
06.11.2022;Bürgerentscheid zur Abwahl des Oberbürgermeisters der Stadt Frankfurt am Main, Herrn Peter Feldmann;06412000;14002;140-02;1;0;NA;NA;NA;NA;NA;NA;NA;NA;NA;NA
06.11.2022;Bürgerentscheid zur Abwahl des Oberbürgermeisters der Stadt Frankfurt am Main, Herrn Peter Feldmann;06412000;14003;140-03;1;1;698;226;39;963;311;78;3;308;272;36
06.11.2022;Bürgerentscheid zur Abwahl des Oberbürgermeisters der Stadt Frankfurt am Main, Herrn Peter Feldmann;06412000;14004;140-04;1;0;NA;NA;NA;NA;NA;NA;NA;NA;NA;NA
06.11.2022;Bürgerentscheid zur Abwahl des Oberbürgermeisters der Stadt Frankfurt am Main, Herrn Peter Feldmann;06412000;14005;140-05;1;1;478;208;30;716;199;60;1;198;170;28
06.11.2022;Bürgerentscheid zur Abwahl des Oberbürgermeisters der Stadt Frankfurt am Main, Herrn Peter Feldmann;06412000;15101;151-01;1;0;NA;NA;NA;NA;NA;NA;NA;NA;NA;NA
06.11.2022;Bürgerentscheid zur Abwahl des Oberbürgermeisters der Stadt Frankfurt am Main, Herrn Peter Feldmann;06412000;15102;151-02;1;1;610;217;39;866;238;45;2;236;203;33
06.11.2022;Bürgerentscheid zur Abwahl des Oberbürgermeisters der Stadt Frankfurt am Main, Herrn Peter Feldmann;06412000;15103;151-03;1;1;484;175;27;686;258;79;2;256;210;46
06.11.2022;Bürgerentscheid zur Abwahl des Oberbürgermeisters der Stadt Frankfurt am Main, Herrn Peter Feldmann;06412000;15104;151-04;1;0;NA;NA;NA;NA;NA;NA;NA;NA;NA;NA
06.11.2022;Bürgerentscheid zur Abwahl des Oberbürgermeisters der Stadt Frankfurt am Main, Herrn Peter Feldmann;06412000;15301;153-01;1;0;NA;NA;NA;NA;NA;NA;NA;NA;NA;NA
06.11.2022;Bürgerentscheid zur Abwahl des Oberbürgermeisters der Stadt Frankfurt am Main, Herrn Peter Feldmann;06412000;15302;153-02;1;0;NA;NA;NA;NA;NA;NA;NA;NA;NA;NA
06.11.2022;Bürgerentscheid zur Abwahl des Oberbürgermeisters der Stadt Frankfurt am Main, Herrn Peter Feldmann;06412000;15401;154-01;1;1;460;214;40;714;193;39;2;191;163;28
06.11.2022;Bürgerentscheid zur Abwahl des Oberbürgermeisters der Stadt Frankfurt am Main, Herrn Peter Feldmann;06412000;15402;154-02;1;0;NA;NA;NA;NA;NA;NA;NA;NA;NA;NA
06.11.2022;Bürgerentscheid zur Abwahl des Oberbürgermeisters der Stadt Frankfurt am Main, Herrn Peter Feldmann;06412000;16101;161-01;1;0;NA;NA;NA;NA;NA;NA;NA;NA;NA;NA
06.11.2022;Bürgerentscheid zur Abwahl des Oberbürgermeisters der Stadt Frankfurt am Main, Herrn Peter Feldmann;06412000;16102;161-02;1;0;NA;NA;NA;NA;NA;NA;NA;NA;NA;NA
06.11.2022;Bürgerentscheid zur Abwahl des Oberbürgermeisters der Stadt Frankfurt am Main, Herrn Peter Feldmann;06412000;16103;161-03;1;1;570;165;40;775;250;74;2;248;211;37
06.11.2022;Bürgerentscheid zur Abwahl des Oberbürgermeisters der Stadt Frankfurt am Main, Herrn Peter Feldmann;06412000;16104;161-04;1;0;NA;NA;NA;NA;NA;NA;NA;NA;NA;NA
06.11.2022;Bürgerentscheid zur Abwahl des Oberbürgermeisters der Stadt Frankfurt am Main, Herrn Peter Feldmann;06412000;16201;162-01;1;0;NA;NA;NA;NA;NA;NA;NA;NA;NA;NA
06.11.2022;Bürgerentscheid zur Abwahl des Oberbürgermeisters der Stadt Frankfurt am Main, Herrn Peter Feldmann;06412000;16202;162-02;1;0;NA;NA;NA;NA;NA;NA;NA;NA;NA;NA
06.11.2022;Bürgerentscheid zur Abwahl des Oberbürgermeisters der Stadt Frankfurt am Main, Herrn Peter Feldmann;06412000;16203;162-03;1;1;554;232;36;822;296;60;3;293;254;39
06.11.2022;Bürgerentscheid zur Abwahl des Oberbürgermeisters der Stadt Frankfurt am Main, Herrn Peter Feldmann;06412000;16204;162-04;1;0;NA;NA;NA;NA;NA;NA;NA;NA;NA;NA
06.11.2022;Bürgerentscheid zur Abwahl des Oberbürgermeisters der Stadt Frankfurt am Main, Herrn Peter Feldmann;06412000;16205;162-05;1;0;NA;NA;NA;NA;NA;NA;NA;NA;NA;NA
06.11.2022;Bürgerentscheid zur Abwahl des Oberbürgermeisters der Stadt Frankfurt am Main, Herrn Peter Feldmann;06412000;16301;163-01;1;0;NA;NA;NA;NA;NA;NA;NA;NA;NA;NA
06.11.2022;Bürgerentscheid zur Abwahl des Oberbürgermeisters der Stadt Frankfurt am Main, Herrn Peter Feldmann;06412000;16302;163-02;1;0;NA;NA;NA;NA;NA;NA;NA;NA;NA;NA
06.11.2022;Bürgerentscheid zur Abwahl des Oberbürgermeisters der Stadt Frankfurt am Main, Herrn Peter Feldmann;06412000;16303;163-03;1;0;NA;NA;NA;NA;NA;NA;NA;NA;NA;NA
06.11.2022;Bürgerentscheid zur Abwahl des Oberbürgermeisters der Stadt Frankfurt am Main, Herrn Peter Feldmann;06412000;16401;164-01;1;0;NA;NA;NA;NA;NA;NA;NA;NA;NA;NA
06.11.2022;Bürgerentscheid zur Abwahl des Oberbürgermeisters der Stadt Frankfurt am Main, Herrn Peter Feldmann;06412000;16501;165-01;1;0;NA;NA;NA;NA;NA;NA;NA;NA;NA;NA
06.11.2022;Bürgerentscheid zur Abwahl des Oberbürgermeisters der Stadt Frankfurt am Main, Herrn Peter Feldmann;06412000;16502;165-02;1;0;NA;NA;NA;NA;NA;NA;NA;NA;NA;NA
06.11.2022;Bürgerentscheid zur Abwahl des Oberbürgermeisters der Stadt Frankfurt am Main, Herrn Peter Feldmann;06412000;16503;165-03;1;0;NA;NA;NA;NA;NA;NA;NA;NA;NA;NA
06.11.2022;Bürgerentscheid zur Abwahl des Oberbürgermeisters der Stadt Frankfurt am Main, Herrn Peter Feldmann;06412000;16504;165-04;1;0;NA;NA;NA;NA;NA;NA;NA;NA;NA;NA
06.11.2022;Bürgerentscheid zur Abwahl des Oberbürgermeisters der Stadt Frankfurt am Main, Herrn Peter Feldmann;06412000;17001;170-01;1;0;NA;NA;NA;NA;NA;NA;NA;NA;NA;NA
06.11.2022;Bürgerentscheid zur Abwahl des Oberbürgermeisters der Stadt Frankfurt am Main, Herrn Peter Feldmann;06412000;17002;170-02;1;0;NA;NA;NA;NA;NA;NA;NA;NA;NA;NA
06.11.2022;Bürgerentscheid zur Abwahl des Oberbürgermeisters der Stadt Frankfurt am Main, Herrn Peter Feldmann;06412000;17003;170-03;1;0;NA;NA;NA;NA;NA;NA;NA;NA;NA;NA
06.11.2022;Bürgerentscheid zur Abwahl des Oberbürgermeisters der Stadt Frankfurt am Main, Herrn Peter Feldmann;06412000;18001;180-01;1;0;NA;NA;NA;NA;NA;NA;NA;NA;NA;NA
06.11.2022;Bürgerentscheid zur Abwahl des Oberbürgermeisters der Stadt Frankfurt am Main, Herrn Peter Feldmann;06412000;18002;180-02;1;1;742;196;59;997;313;70;2;311;267;44
06.11.2022;Bürgerentscheid zur Abwahl des Oberbürgermeisters der Stadt Frankfurt am Main, Herrn Peter Feldmann;06412000;18003;180-03;1;0;NA;NA;NA;NA;NA;NA;NA;NA;NA;NA
06.11.2022;Bürgerentscheid zur Abwahl des Oberbürgermeisters der Stadt Frankfurt am Main, Herrn Peter Feldmann;06412000;19101;191-01;1;0;NA;NA;NA;NA;NA;NA;NA;NA;NA;NA
06.11.2022;Bürgerentscheid zur Abwahl des Oberbürgermeisters der Stadt Frankfurt am Main, Herrn Peter Feldmann;06412000;19102;191-02;1;0;NA;NA;NA;NA;NA;NA;NA;NA;NA;NA
06.11.2022;Bürgerentscheid zur Abwahl des Oberbürgermeisters der Stadt Frankfurt am Main, Herrn Peter Feldmann;06412000;19103;191-03;1;0;NA;NA;NA;NA;NA;NA;NA;NA;NA;NA
06.11.2022;Bürgerentscheid zur Abwahl des Oberbürgermeisters der Stadt Frankfurt am Main, Herrn Peter Feldmann;06412000;19201;192-01;1;0;NA;NA;NA;NA;NA;NA;NA;NA;NA;NA
06.11.2022;Bürgerentscheid zur Abwahl des Oberbürgermeisters der Stadt Frankfurt am Main, Herrn Peter Feldmann;06412000;19202;192-02;1;0;NA;NA;NA;NA;NA;NA;NA;NA;NA;NA
06.11.2022;Bürgerentscheid zur Abwahl des Oberbürgermeisters der Stadt Frankfurt am Main, Herrn Peter Feldmann;06412000;20101;201-01;1;0;NA;NA;NA;NA;NA;NA;NA;NA;NA;NA
06.11.2022;Bürgerentscheid zur Abwahl des Oberbürgermeisters der Stadt Frankfurt am Main, Herrn Peter Feldmann;06412000;20102;201-02;1;0;NA;NA;NA;NA;NA;NA;NA;NA;NA;NA
06.11.2022;Bürgerentscheid zur Abwahl des Oberbürgermeisters der Stadt Frankfurt am Main, Herrn Peter Feldmann;06412000;20201;202-01;1;0;NA;NA;NA;NA;NA;NA;NA;NA;NA;NA
06.11.2022;Bürgerentscheid zur Abwahl des Oberbürgermeisters der Stadt Frankfurt am Main, Herrn Peter Feldmann;06412000;20202;202-02;1;0;NA;NA;NA;NA;NA;NA;NA;NA;NA;NA
06.11.2022;Bürgerentscheid zur Abwahl des Oberbürgermeisters der Stadt Frankfurt am Main, Herrn Peter Feldmann;06412000;20301;203-01;1;0;NA;NA;NA;NA;NA;NA;NA;NA;NA;NA
06.11.2022;Bürgerentscheid zur Abwahl des Oberbürgermeisters der Stadt Frankfurt am Main, Herrn Peter Feldmann;06412000;20302;203-02;1;0;NA;NA;NA;NA;NA;NA;NA;NA;NA;NA
06.11.2022;Bürgerentscheid zur Abwahl des Oberbürgermeisters der Stadt Frankfurt am Main, Herrn Peter Feldmann;06412000;20303;203-03;1;0;NA;NA;NA;NA;NA;NA;NA;NA;NA;NA
06.11.2022;Bürgerentscheid zur Abwahl des Oberbürgermeisters der Stadt Frankfurt am Main, Herrn Peter Feldmann;06412000;20304;203-04;1;0;NA;NA;NA;NA;NA;NA;NA;NA;NA;NA
06.11.2022;Bürgerentscheid zur Abwahl des Oberbürgermeisters der Stadt Frankfurt am Main, Herrn Peter Feldmann;06412000;21101;211-01;1;1;529;235;34;798;237;66;2;235;207;28
06.11.2022;Bürgerentscheid zur Abwahl des Oberbürgermeisters der Stadt Frankfurt am Main, Herrn Peter Feldmann;06412000;21102;211-02;1;0;NA;NA;NA;NA;NA;NA;NA;NA;NA;NA
06.11.2022;Bürgerentscheid zur Abwahl des Oberbürgermeisters der Stadt Frankfurt am Main, Herrn Peter Feldmann;06412000;21103;211-03;1;0;NA;NA;NA;NA;NA;NA;NA;NA;NA;NA
06.11.2022;Bürgerentscheid zur Abwahl des Oberbürgermeisters der Stadt Frankfurt am Main, Herrn Peter Feldmann;06412000;21201;212-01;1;0;NA;NA;NA;NA;NA;NA;NA;NA;NA;NA
06.11.2022;Bürgerentscheid zur Abwahl des Oberbürgermeisters der Stadt Frankfurt am Main, Herrn Peter Feldmann;06412000;21202;212-02;1;0;NA;NA;NA;NA;NA;NA;NA;NA;NA;NA
06.11.2022;Bürgerentscheid zur Abwahl des Oberbürgermeisters der Stadt Frankfurt am Main, Herrn Peter Feldmann;06412000;21203;212-03;1;1;645;268;56;969;280;69;2;278;241;37
06.11.2022;Bürgerentscheid zur Abwahl des Oberbürgermeisters der Stadt Frankfurt am Main, Herrn Peter Feldmann;06412000;21301;213-01;1;0;NA;NA;NA;NA;NA;NA;NA;NA;NA;NA
06.11.2022;Bürgerentscheid zur Abwahl des Oberbürgermeisters der Stadt Frankfurt am Main, Herrn Peter Feldmann;06412000;22101;221-01;1;0;NA;NA;NA;NA;NA;NA;NA;NA;NA;NA
06.11.2022;Bürgerentscheid zur Abwahl des Oberbürgermeisters der Stadt Frankfurt am Main, Herrn Peter Feldmann;06412000;22102;221-02;1;0;NA;NA;NA;NA;NA;NA;NA;NA;NA;NA
06.11.2022;Bürgerentscheid zur Abwahl des Oberbürgermeisters der Stadt Frankfurt am Main, Herrn Peter Feldmann;06412000;22103;221-03;1;0;NA;NA;NA;NA;NA;NA;NA;NA;NA;NA
06.11.2022;Bürgerentscheid zur Abwahl des Oberbürgermeisters der Stadt Frankfurt am Main, Herrn Peter Feldmann;06412000;22201;222-01;1;0;NA;NA;NA;NA;NA;NA;NA;NA;NA;NA
06.11.2022;Bürgerentscheid zur Abwahl des Oberbürgermeisters der Stadt Frankfurt am Main, Herrn Peter Feldmann;06412000;22202;222-02;1;1;621;257;56;934;355;100;3;352;299;53
06.11.2022;Bürgerentscheid zur Abwahl des Oberbürgermeisters der Stadt Frankfurt am Main, Herrn Peter Feldmann;06412000;22203;222-03;1;0;NA;NA;NA;NA;NA;NA;NA;NA;NA;NA
06.11.2022;Bürgerentscheid zur Abwahl des Oberbürgermeisters der Stadt Frankfurt am Main, Herrn Peter Feldmann;06412000;22204;222-04;1;0;NA;NA;NA;NA;NA;NA;NA;NA;NA;NA
06.11.2022;Bürgerentscheid zur Abwahl des Oberbürgermeisters der Stadt Frankfurt am Main, Herrn Peter Feldmann;06412000;23001;230-01;1;0;NA;NA;NA;NA;NA;NA;NA;NA;NA;NA
06.11.2022;Bürgerentscheid zur Abwahl des Oberbürgermeisters der Stadt Frankfurt am Main, Herrn Peter Feldmann;06412000;23002;230-02;1;0;NA;NA;NA;NA;NA;NA;NA;NA;NA;NA
06.11.2022;Bürgerentscheid zur Abwahl des Oberbürgermeisters der Stadt Frankfurt am Main, Herrn Peter Feldmann;06412000;23003;230-03;1;0;NA;NA;NA;NA;NA;NA;NA;NA;NA;NA
06.11.2022;Bürgerentscheid zur Abwahl des Oberbürgermeisters der Stadt Frankfurt am Main, Herrn Peter Feldmann;06412000;24001;240-01;1;0;NA;NA;NA;NA;NA;NA;NA;NA;NA;NA
06.11.2022;Bürgerentscheid zur Abwahl des Oberbürgermeisters der Stadt Frankfurt am Main, Herrn Peter Feldmann;06412000;24002;240-02;1;0;NA;NA;NA;NA;NA;NA;NA;NA;NA;NA
06.11.2022;Bürgerentscheid zur Abwahl des Oberbürgermeisters der Stadt Frankfurt am Main, Herrn Peter Feldmann;06412000;25101;251-01;1;1;707;297;52;1056;369;84;3;366;325;41
06.11.2022;Bürgerentscheid zur Abwahl des Oberbürgermeisters der Stadt Frankfurt am Main, Herrn Peter Feldmann;06412000;25102;251-02;1;0;NA;NA;NA;NA;NA;NA;NA;NA;NA;NA
06.11.2022;Bürgerentscheid zur Abwahl des Oberbürgermeisters der Stadt Frankfurt am Main, Herrn Peter Feldmann;06412000;25103;251-03;1;0;NA;NA;NA;NA;NA;NA;NA;NA;NA;NA
06.11.2022;Bürgerentscheid zur Abwahl des Oberbürgermeisters der Stadt Frankfurt am Main, Herrn Peter Feldmann;06412000;25104;251-04;1;1;498;218;36;752;255;53;2;253;215;38
06.11.2022;Bürgerentscheid zur Abwahl des Oberbürgermeisters der Stadt Frankfurt am Main, Herrn Peter Feldmann;06412000;25201;252-01;1;0;NA;NA;NA;NA;NA;NA;NA;NA;NA;NA
06.11.2022;Bürgerentscheid zur Abwahl des Oberbürgermeisters der Stadt Frankfurt am Main, Herrn Peter Feldmann;06412000;25202;252-02;1;1;558;265;33;856;240;69;2;238;210;28
06.11.2022;Bürgerentscheid zur Abwahl des Oberbürgermeisters der Stadt Frankfurt am Main, Herrn Peter Feldmann;06412000;25203;252-03;1;0;NA;NA;NA;NA;NA;NA;NA;NA;NA;NA
06.11.2022;Bürgerentscheid zur Abwahl des Oberbürgermeisters der Stadt Frankfurt am Main, Herrn Peter Feldmann;06412000;25204;252-04;1;1;705;189;47;941;299;58;3;296;262;34
06.11.2022;Bürgerentscheid zur Abwahl des Oberbürgermeisters der Stadt Frankfurt am Main, Herrn Peter Feldmann;06412000;25205;252-05;1;0;NA;NA;NA;NA;NA;NA;NA;NA;NA;NA
06.11.2022;Bürgerentscheid zur Abwahl des Oberbürgermeisters der Stadt Frankfurt am Main, Herrn Peter Feldmann;06412000;26101;261-01;1;1;596;240;39;875;297;62;2;295;255;40
06.11.2022;Bürgerentscheid zur Abwahl des Oberbürgermeisters der Stadt Frankfurt am Main, Herrn Peter Feldmann;06412000;26102;261-02;1;1;519;131;41;691;252;57;2;250;205;45
06.11.2022;Bürgerentscheid zur Abwahl des Oberbürgermeisters der Stadt Frankfurt am Main, Herrn Peter Feldmann;06412000;26103;261-03;1;0;NA;NA;NA;NA;NA;NA;NA;NA;NA;NA
06.11.2022;Bürgerentscheid zur Abwahl des Oberbürgermeisters der Stadt Frankfurt am Main, Herrn Peter Feldmann;06412000;26201;262-01;1;0;NA;NA;NA;NA;NA;NA;NA;NA;NA;NA
06.11.2022;Bürgerentscheid zur Abwahl des Oberbürgermeisters der Stadt Frankfurt am Main, Herrn Peter Feldmann;06412000;26202;262-02;1;0;NA;NA;NA;NA;NA;NA;NA;NA;NA;NA
06.11.2022;Bürgerentscheid zur Abwahl des Oberbürgermeisters der Stadt Frankfurt am Main, Herrn Peter Feldmann;06412000;27101;271-01;1;0;NA;NA;NA;NA;NA;NA;NA;NA;NA;NA
06.11.2022;Bürgerentscheid zur Abwahl des Oberbürgermeisters der Stadt Frankfurt am Main, Herrn Peter Feldmann;06412000;27102;271-02;1;0;NA;NA;NA;NA;NA;NA;NA;NA;NA;NA
06.11.2022;Bürgerentscheid zur Abwahl des Oberbürgermeisters der Stadt Frankfurt am Main, Herrn Peter Feldmann;06412000;27201;272-01;1;1;731;245;49;1025;252;57;2;250;205;45
06.11.2022;Bürgerentscheid zur Abwahl des Oberbürgermeisters der Stadt Frankfurt am Main, Herrn Peter Feldmann;06412000;27202;272-02;1;0;NA;NA;NA;NA;NA;NA;NA;NA;NA;NA
06.11.2022;Bürgerentscheid zur Abwahl des Oberbürgermeisters der Stadt Frankfurt am Main, Herrn Peter Feldmann;06412000;27203;272-03;1;1;480;174;26;680;217;56;2;215;183;32
06.11.2022;Bürgerentscheid zur Abwahl des Oberbürgermeisters der Stadt Frankfurt am Main, Herrn Peter Feldmann;06412000;27204;272-04;1;0;NA;NA;NA;NA;NA;NA;NA;NA;NA;NA
06.11.2022;Bürgerentscheid zur Abwahl des Oberbürgermeisters der Stadt Frankfurt am Main, Herrn Peter Feldmann;06412000;27205;272-05;1;0;NA;NA;NA;NA;NA;NA;NA;NA;NA;NA
06.11.2022;Bürgerentscheid zur Abwahl des Oberbürgermeisters der Stadt Frankfurt am Main, Herrn Peter Feldmann;06412000;28101;281-01;1;1;711;225;54;990;371;71;4;367;302;65
06.11.2022;Bürgerentscheid zur Abwahl des Oberbürgermeisters der Stadt Frankfurt am Main, Herrn Peter Feldmann;06412000;28102;281-02;1;0;NA;NA;NA;NA;NA;NA;NA;NA;NA;NA
06.11.2022;Bürgerentscheid zur Abwahl des Oberbürgermeisters der Stadt Frankfurt am Main, Herrn Peter Feldmann;06412000;28103;281-03;1;0;NA;NA;NA;NA;NA;NA;NA;NA;NA;NA
06.11.2022;Bürgerentscheid zur Abwahl des Oberbürgermeisters der Stadt Frankfurt am Main, Herrn Peter Feldmann;06412000;28201;282-01;1;0;NA;NA;NA;NA;NA;NA;NA;NA;NA;NA
06.11.2022;Bürgerentscheid zur Abwahl des Oberbürgermeisters der Stadt Frankfurt am Main, Herrn Peter Feldmann;06412000;28202;282-02;1;1;762;250;54;1066;252;56;2;250;207;43
06.11.2022;Bürgerentscheid zur Abwahl des Oberbürgermeisters der Stadt Frankfurt am Main, Herrn Peter Feldmann;06412000;28203;282-03;1;0;NA;NA;NA;NA;NA;NA;NA;NA;NA;NA
06.11.2022;Bürgerentscheid zur Abwahl des Oberbürgermeisters der Stadt Frankfurt am Main, Herrn Peter Feldmann;06412000;29001;290-01;1;0;NA;NA;NA;NA;NA;NA;NA;NA;NA;NA
06.11.2022;Bürgerentscheid zur Abwahl des Oberbürgermeisters der Stadt Frankfurt am Main, Herrn Peter Feldmann;06412000;29002;290-02;1;0;NA;NA;NA;NA;NA;NA;NA;NA;NA;NA
06.11.2022;Bürgerentscheid zur Abwahl des Oberbürgermeisters der Stadt Frankfurt am Main, Herrn Peter Feldmann;06412000;30001;300-01;1;0;NA;NA;NA;NA;NA;NA;NA;NA;NA;NA
06.11.2022;Bürgerentscheid zur Abwahl des Oberbürgermeisters der Stadt Frankfurt am Main, Herrn Peter Feldmann;06412000;30002;300-02;1;0;NA;NA;NA;NA;NA;NA;NA;NA;NA;NA
06.11.2022;Bürgerentscheid zur Abwahl des Oberbürgermeisters der Stadt Frankfurt am Main, Herrn Peter Feldmann;06412000;32101;321-01;1;0;NA;NA;NA;NA;NA;NA;NA;NA;NA;NA
06.11.2022;Bürgerentscheid zur Abwahl des Oberbürgermeisters der Stadt Frankfurt am Main, Herrn Peter Feldmann;06412000;32102;321-02;1;0;NA;NA;NA;NA;NA;NA;NA;NA;NA;NA
06.11.2022;Bürgerentscheid zur Abwahl des Oberbürgermeisters der Stadt Frankfurt am Main, Herrn Peter Feldmann;06412000;32103;321-03;1;0;NA;NA;NA;NA;NA;NA;NA;NA;NA;NA
06.11.2022;Bürgerentscheid zur Abwahl des Oberbürgermeisters der Stadt Frankfurt am Main, Herrn Peter Feldmann;06412000;32201;322-01;1;1;634;239;38;911;267;70;2;265;231;34
06.11.2022;Bürgerentscheid zur Abwahl des Oberbürgermeisters der Stadt Frankfurt am Main, Herrn Peter Feldmann;06412000;32202;322-02;1;0;NA;NA;NA;NA;NA;NA;NA;NA;NA;NA
06.11.2022;Bürgerentscheid zur Abwahl des Oberbürgermeisters der Stadt Frankfurt am Main, Herrn Peter Feldmann;06412000;32203;322-03;1;0;NA;NA;NA;NA;NA;NA;NA;NA;NA;NA
06.11.2022;Bürgerentscheid zur Abwahl des Oberbürgermeisters der Stadt Frankfurt am Main, Herrn Peter Feldmann;06412000;32204;322-04;1;0;NA;NA;NA;NA;NA;NA;NA;NA;NA;NA
06.11.2022;Bürgerentscheid zur Abwahl des Oberbürgermeisters der Stadt Frankfurt am Main, Herrn Peter Feldmann;06412000;32205;322-05;1;0;NA;NA;NA;NA;NA;NA;NA;NA;NA;NA
06.11.2022;Bürgerentscheid zur Abwahl des Oberbürgermeisters der Stadt Frankfurt am Main, Herrn Peter Feldmann;06412000;32301;323-01;1;0;NA;NA;NA;NA;NA;NA;NA;NA;NA;NA
06.11.2022;Bürgerentscheid zur Abwahl des Oberbürgermeisters der Stadt Frankfurt am Main, Herrn Peter Feldmann;06412000;32302;323-02;1;0;NA;NA;NA;NA;NA;NA;NA;NA;NA;NA
06.11.2022;Bürgerentscheid zur Abwahl des Oberbürgermeisters der Stadt Frankfurt am Main, Herrn Peter Feldmann;06412000;32303;323-03;1;0;NA;NA;NA;NA;NA;NA;NA;NA;NA;NA
06.11.2022;Bürgerentscheid zur Abwahl des Oberbürgermeisters der Stadt Frankfurt am Main, Herrn Peter Feldmann;06412000;32304;323-04;1;1;572;234;37;843;253;62;2;251;222;29
06.11.2022;Bürgerentscheid zur Abwahl des Oberbürgermeisters der Stadt Frankfurt am Main, Herrn Peter Feldmann;06412000;32305;323-05;1;0;NA;NA;NA;NA;NA;NA;NA;NA;NA;NA
06.11.2022;Bürgerentscheid zur Abwahl des Oberbürgermeisters der Stadt Frankfurt am Main, Herrn Peter Feldmann;06412000;32306;323-06;1;0;NA;NA;NA;NA;NA;NA;NA;NA;NA;NA
06.11.2022;Bürgerentscheid zur Abwahl des Oberbürgermeisters der Stadt Frankfurt am Main, Herrn Peter Feldmann;06412000;32401;324-01;1;1;538;139;32;709;261;58;2;259;223;36
06.11.2022;Bürgerentscheid zur Abwahl des Oberbürgermeisters der Stadt Frankfurt am Main, Herrn Peter Feldmann;06412000;32402;324-02;1;0;NA;NA;NA;NA;NA;NA;NA;NA;NA;NA
06.11.2022;Bürgerentscheid zur Abwahl des Oberbürgermeisters der Stadt Frankfurt am Main, Herrn Peter Feldmann;06412000;32403;324-03;1;0;NA;NA;NA;NA;NA;NA;NA;NA;NA;NA
06.11.2022;Bürgerentscheid zur Abwahl des Oberbürgermeisters der Stadt Frankfurt am Main, Herrn Peter Feldmann;06412000;32404;324-04;1;1;696;320;47;1063;353;77;4;349;289;60
06.11.2022;Bürgerentscheid zur Abwahl des Oberbürgermeisters der Stadt Frankfurt am Main, Herrn Peter Feldmann;06412000;32601;326-01;1;0;NA;NA;NA;NA;NA;NA;NA;NA;NA;NA
06.11.2022;Bürgerentscheid zur Abwahl des Oberbürgermeisters der Stadt Frankfurt am Main, Herrn Peter Feldmann;06412000;32602;326-02;1;1;540;147;41;728;230;50;1;229;188;41
06.11.2022;Bürgerentscheid zur Abwahl des Oberbürgermeisters der Stadt Frankfurt am Main, Herrn Peter Feldmann;06412000;32603;326-03;1;1;717;183;35;935;273;61;3;270;237;33
06.11.2022;Bürgerentscheid zur Abwahl des Oberbürgermeisters der Stadt Frankfurt am Main, Herrn Peter Feldmann;06412000;33101;331-01;1;0;NA;NA;NA;NA;NA;NA;NA;NA;NA;NA
06.11.2022;Bürgerentscheid zur Abwahl des Oberbürgermeisters der Stadt Frankfurt am Main, Herrn Peter Feldmann;06412000;33102;331-02;1;0;NA;NA;NA;NA;NA;NA;NA;NA;NA;NA
06.11.2022;Bürgerentscheid zur Abwahl des Oberbürgermeisters der Stadt Frankfurt am Main, Herrn Peter Feldmann;06412000;33103;331-03;1;1;813;211;61;1085;386;112;4;382;323;59
06.11.2022;Bürgerentscheid zur Abwahl des Oberbürgermeisters der Stadt Frankfurt am Main, Herrn Peter Feldmann;06412000;33201;332-01;1;0;NA;NA;NA;NA;NA;NA;NA;NA;NA;NA
06.11.2022;Bürgerentscheid zur Abwahl des Oberbürgermeisters der Stadt Frankfurt am Main, Herrn Peter Feldmann;06412000;33202;332-02;1;0;NA;NA;NA;NA;NA;NA;NA;NA;NA;NA
06.11.2022;Bürgerentscheid zur Abwahl des Oberbürgermeisters der Stadt Frankfurt am Main, Herrn Peter Feldmann;06412000;33203;332-03;1;0;NA;NA;NA;NA;NA;NA;NA;NA;NA;NA
06.11.2022;Bürgerentscheid zur Abwahl des Oberbürgermeisters der Stadt Frankfurt am Main, Herrn Peter Feldmann;06412000;33204;332-04;1;0;NA;NA;NA;NA;NA;NA;NA;NA;NA;NA
06.11.2022;Bürgerentscheid zur Abwahl des Oberbürgermeisters der Stadt Frankfurt am Main, Herrn Peter Feldmann;06412000;33205;332-05;1;0;NA;NA;NA;NA;NA;NA;NA;NA;NA;NA
06.11.2022;Bürgerentscheid zur Abwahl des Oberbürgermeisters der Stadt Frankfurt am Main, Herrn Peter Feldmann;06412000;33206;332-06;1;0;NA;NA;NA;NA;NA;NA;NA;NA;NA;NA
06.11.2022;Bürgerentscheid zur Abwahl des Oberbürgermeisters der Stadt Frankfurt am Main, Herrn Peter Feldmann;06412000;34101;341-01;1;0;NA;NA;NA;NA;NA;NA;NA;NA;NA;NA
06.11.2022;Bürgerentscheid zur Abwahl des Oberbürgermeisters der Stadt Frankfurt am Main, Herrn Peter Feldmann;06412000;34102;341-02;1;0;NA;NA;NA;NA;NA;NA;NA;NA;NA;NA
06.11.2022;Bürgerentscheid zur Abwahl des Oberbürgermeisters der Stadt Frankfurt am Main, Herrn Peter Feldmann;06412000;34103;341-03;1;0;NA;NA;NA;NA;NA;NA;NA;NA;NA;NA
06.11.2022;Bürgerentscheid zur Abwahl des Oberbürgermeisters der Stadt Frankfurt am Main, Herrn Peter Feldmann;06412000;34201;342-01;1;0;NA;NA;NA;NA;NA;NA;NA;NA;NA;NA
06.11.2022;Bürgerentscheid zur Abwahl des Oberbürgermeisters der Stadt Frankfurt am Main, Herrn Peter Feldmann;06412000;34202;342-02;1;1;508;232;47;787;237;55;1;236;207;29
06.11.2022;Bürgerentscheid zur Abwahl des Oberbürgermeisters der Stadt Frankfurt am Main, Herrn Peter Feldmann;06412000;34301;343-01;1;0;NA;NA;NA;NA;NA;NA;NA;NA;NA;NA
06.11.2022;Bürgerentscheid zur Abwahl des Oberbürgermeisters der Stadt Frankfurt am Main, Herrn Peter Feldmann;06412000;34401;344-01;1;0;NA;NA;NA;NA;NA;NA;NA;NA;NA;NA
06.11.2022;Bürgerentscheid zur Abwahl des Oberbürgermeisters der Stadt Frankfurt am Main, Herrn Peter Feldmann;06412000;35001;350-01;1;0;NA;NA;NA;NA;NA;NA;NA;NA;NA;NA
06.11.2022;Bürgerentscheid zur Abwahl des Oberbürgermeisters der Stadt Frankfurt am Main, Herrn Peter Feldmann;06412000;35002;350-02;1;0;NA;NA;NA;NA;NA;NA;NA;NA;NA;NA
06.11.2022;Bürgerentscheid zur Abwahl des Oberbürgermeisters der Stadt Frankfurt am Main, Herrn Peter Feldmann;06412000;35003;350-03;1;0;NA;NA;NA;NA;NA;NA;NA;NA;NA;NA
06.11.2022;Bürgerentscheid zur Abwahl des Oberbürgermeisters der Stadt Frankfurt am Main, Herrn Peter Feldmann;06412000;35004;350-04;1;0;NA;NA;NA;NA;NA;NA;NA;NA;NA;NA
06.11.2022;Bürgerentscheid zur Abwahl des Oberbürgermeisters der Stadt Frankfurt am Main, Herrn Peter Feldmann;06412000;36101;361-01;1;0;NA;NA;NA;NA;NA;NA;NA;NA;NA;NA
06.11.2022;Bürgerentscheid zur Abwahl des Oberbürgermeisters der Stadt Frankfurt am Main, Herrn Peter Feldmann;06412000;36102;361-02;1;0;NA;NA;NA;NA;NA;NA;NA;NA;NA;NA
06.11.2022;Bürgerentscheid zur Abwahl des Oberbürgermeisters der Stadt Frankfurt am Main, Herrn Peter Feldmann;06412000;36103;361-03;1;0;NA;NA;NA;NA;NA;NA;NA;NA;NA;NA
06.11.2022;Bürgerentscheid zur Abwahl des Oberbürgermeisters der Stadt Frankfurt am Main, Herrn Peter Feldmann;06412000;36201;362-01;1;0;NA;NA;NA;NA;NA;NA;NA;NA;NA;NA
06.11.2022;Bürgerentscheid zur Abwahl des Oberbürgermeisters der Stadt Frankfurt am Main, Herrn Peter Feldmann;06412000;36202;362-02;1;0;NA;NA;NA;NA;NA;NA;NA;NA;NA;NA
06.11.2022;Bürgerentscheid zur Abwahl des Oberbürgermeisters der Stadt Frankfurt am Main, Herrn Peter Feldmann;06412000;36203;362-03;1;0;NA;NA;NA;NA;NA;NA;NA;NA;NA;NA
06.11.2022;Bürgerentscheid zur Abwahl des Oberbürgermeisters der Stadt Frankfurt am Main, Herrn Peter Feldmann;06412000;36204;362-04;1;1;757;206;52;1015;389;94;4;385;332;53
06.11.2022;Bürgerentscheid zur Abwahl des Oberbürgermeisters der Stadt Frankfurt am Main, Herrn Peter Feldmann;06412000;37101;371-01;1;0;NA;NA;NA;NA;NA;NA;NA;NA;NA;NA
06.11.2022;Bürgerentscheid zur Abwahl des Oberbürgermeisters der Stadt Frankfurt am Main, Herrn Peter Feldmann;06412000;37102;371-02;1;1;530;259;45;834;281;73;3;278;246;32
06.11.2022;Bürgerentscheid zur Abwahl des Oberbürgermeisters der Stadt Frankfurt am Main, Herrn Peter Feldmann;06412000;37103;371-03;1;0;NA;NA;NA;NA;NA;NA;NA;NA;NA;NA
06.11.2022;Bürgerentscheid zur Abwahl des Oberbürgermeisters der Stadt Frankfurt am Main, Herrn Peter Feldmann;06412000;37104;371-04;1;0;NA;NA;NA;NA;NA;NA;NA;NA;NA;NA
06.11.2022;Bürgerentscheid zur Abwahl des Oberbürgermeisters der Stadt Frankfurt am Main, Herrn Peter Feldmann;06412000;37105;371-05;1;0;NA;NA;NA;NA;NA;NA;NA;NA;NA;NA
06.11.2022;Bürgerentscheid zur Abwahl des Oberbürgermeisters der Stadt Frankfurt am Main, Herrn Peter Feldmann;06412000;37106;371-06;1;0;NA;NA;NA;NA;NA;NA;NA;NA;NA;NA
06.11.2022;Bürgerentscheid zur Abwahl des Oberbürgermeisters der Stadt Frankfurt am Main, Herrn Peter Feldmann;06412000;37201;372-01;1;0;NA;NA;NA;NA;NA;NA;NA;NA;NA;NA
06.11.2022;Bürgerentscheid zur Abwahl des Oberbürgermeisters der Stadt Frankfurt am Main, Herrn Peter Feldmann;06412000;37202;372-02;1;0;NA;NA;NA;NA;NA;NA;NA;NA;NA;NA
06.11.2022;Bürgerentscheid zur Abwahl des Oberbürgermeisters der Stadt Frankfurt am Main, Herrn Peter Feldmann;06412000;37203;372-03;1;0;NA;NA;NA;NA;NA;NA;NA;NA;NA;NA
06.11.2022;Bürgerentscheid zur Abwahl des Oberbürgermeisters der Stadt Frankfurt am Main, Herrn Peter Feldmann;06412000;37204;372-04;1;0;NA;NA;NA;NA;NA;NA;NA;NA;NA;NA
06.11.2022;Bürgerentscheid zur Abwahl des Oberbürgermeisters der Stadt Frankfurt am Main, Herrn Peter Feldmann;06412000;37205;372-05;1;1;555;155;47;757;199;58;1;198;163;35
06.11.2022;Bürgerentscheid zur Abwahl des Oberbürgermeisters der Stadt Frankfurt am Main, Herrn Peter Feldmann;06412000;37206;372-06;1;1;513;236;48;797;229;45;2;227;191;36
06.11.2022;Bürgerentscheid zur Abwahl des Oberbürgermeisters der Stadt Frankfurt am Main, Herrn Peter Feldmann;06412000;38001;380-01;1;0;NA;NA;NA;NA;NA;NA;NA;NA;NA;NA
06.11.2022;Bürgerentscheid zur Abwahl des Oberbürgermeisters der Stadt Frankfurt am Main, Herrn Peter Feldmann;06412000;38002;380-02;1;0;NA;NA;NA;NA;NA;NA;NA;NA;NA;NA
06.11.2022;Bürgerentscheid zur Abwahl des Oberbürgermeisters der Stadt Frankfurt am Main, Herrn Peter Feldmann;06412000;38003;380-03;1;0;NA;NA;NA;NA;NA;NA;NA;NA;NA;NA
06.11.2022;Bürgerentscheid zur Abwahl des Oberbürgermeisters der Stadt Frankfurt am Main, Herrn Peter Feldmann;06412000;38004;380-04;1;0;NA;NA;NA;NA;NA;NA;NA;NA;NA;NA
06.11.2022;Bürgerentscheid zur Abwahl des Oberbürgermeisters der Stadt Frankfurt am Main, Herrn Peter Feldmann;06412000;38005;380-05;1;0;NA;NA;NA;NA;NA;NA;NA;NA;NA;NA
06.11.2022;Bürgerentscheid zur Abwahl des Oberbürgermeisters der Stadt Frankfurt am Main, Herrn Peter Feldmann;06412000;38006;380-06;1;1;677;285;42;1004;251;72;2;249;220;29
06.11.2022;Bürgerentscheid zur Abwahl des Oberbürgermeisters der Stadt Frankfurt am Main, Herrn Peter Feldmann;06412000;39001;390-01;1;1;672;183;36;891;310;79;3;307;268;39
06.11.2022;Bürgerentscheid zur Abwahl des Oberbürgermeisters der Stadt Frankfurt am Main, Herrn Peter Feldmann;06412000;39002;390-02;1;0;NA;NA;NA;NA;NA;NA;NA;NA;NA;NA
06.11.2022;Bürgerentscheid zur Abwahl des Oberbürgermeisters der Stadt Frankfurt am Main, Herrn Peter Feldmann;06412000;39003;390-03;1;0;NA;NA;NA;NA;NA;NA;NA;NA;NA;NA
06.11.2022;Bürgerentscheid zur Abwahl des Oberbürgermeisters der Stadt Frankfurt am Main, Herrn Peter Feldmann;06412000;39004;390-04;1;0;NA;NA;NA;NA;NA;NA;NA;NA;NA;NA
06.11.2022;Bürgerentscheid zur Abwahl des Oberbürgermeisters der Stadt Frankfurt am Main, Herrn Peter Feldmann;06412000;39005;390-05;1;0;NA;NA;NA;NA;NA;NA;NA;NA;NA;NA
06.11.2022;Bürgerentscheid zur Abwahl des Oberbürgermeisters der Stadt Frankfurt am Main, Herrn Peter Feldmann;06412000;39006;390-06;1;0;NA;NA;NA;NA;NA;NA;NA;NA;NA;NA
06.11.2022;Bürgerentscheid zur Abwahl des Oberbürgermeisters der Stadt Frankfurt am Main, Herrn Peter Feldmann;06412000;39007;390-07;1;0;NA;NA;NA;NA;NA;NA;NA;NA;NA;NA
06.11.2022;Bürgerentscheid zur Abwahl des Oberbürgermeisters der Stadt Frankfurt am Main, Herrn Peter Feldmann;06412000;40101;401-01;1;0;NA;NA;NA;NA;NA;NA;NA;NA;NA;NA
06.11.2022;Bürgerentscheid zur Abwahl des Oberbürgermeisters der Stadt Frankfurt am Main, Herrn Peter Feldmann;06412000;40102;401-02;1;0;NA;NA;NA;NA;NA;NA;NA;NA;NA;NA
06.11.2022;Bürgerentscheid zur Abwahl des Oberbürgermeisters der Stadt Frankfurt am Main, Herrn Peter Feldmann;06412000;40103;401-03;1;0;NA;NA;NA;NA;NA;NA;NA;NA;NA;NA
06.11.2022;Bürgerentscheid zur Abwahl des Oberbürgermeisters der Stadt Frankfurt am Main, Herrn Peter Feldmann;06412000;40104;401-04;1;1;537;186;32;755;197;59;1;196;174;22
06.11.2022;Bürgerentscheid zur Abwahl des Oberbürgermeisters der Stadt Frankfurt am Main, Herrn Peter Feldmann;06412000;40105;401-05;1;0;NA;NA;NA;NA;NA;NA;NA;NA;NA;NA
06.11.2022;Bürgerentscheid zur Abwahl des Oberbürgermeisters der Stadt Frankfurt am Main, Herrn Peter Feldmann;06412000;40201;402-01;1;0;NA;NA;NA;NA;NA;NA;NA;NA;NA;NA
06.11.2022;Bürgerentscheid zur Abwahl des Oberbürgermeisters der Stadt Frankfurt am Main, Herrn Peter Feldmann;06412000;40202;402-02;1;0;NA;NA;NA;NA;NA;NA;NA;NA;NA;NA
06.11.2022;Bürgerentscheid zur Abwahl des Oberbürgermeisters der Stadt Frankfurt am Main, Herrn Peter Feldmann;06412000;40203;402-03;1;0;NA;NA;NA;NA;NA;NA;NA;NA;NA;NA
06.11.2022;Bürgerentscheid zur Abwahl des Oberbürgermeisters der Stadt Frankfurt am Main, Herrn Peter Feldmann;06412000;40204;402-04;1;0;NA;NA;NA;NA;NA;NA;NA;NA;NA;NA
06.11.2022;Bürgerentscheid zur Abwahl des Oberbürgermeisters der Stadt Frankfurt am Main, Herrn Peter Feldmann;06412000;41001;410-01;1;0;NA;NA;NA;NA;NA;NA;NA;NA;NA;NA
06.11.2022;Bürgerentscheid zur Abwahl des Oberbürgermeisters der Stadt Frankfurt am Main, Herrn Peter Feldmann;06412000;41002;410-02;1;0;NA;NA;NA;NA;NA;NA;NA;NA;NA;NA
06.11.2022;Bürgerentscheid zur Abwahl des Oberbürgermeisters der Stadt Frankfurt am Main, Herrn Peter Feldmann;06412000;41003;410-03;1;0;NA;NA;NA;NA;NA;NA;NA;NA;NA;NA
06.11.2022;Bürgerentscheid zur Abwahl des Oberbürgermeisters der Stadt Frankfurt am Main, Herrn Peter Feldmann;06412000;42201;422-01;1;0;NA;NA;NA;NA;NA;NA;NA;NA;NA;NA
06.11.2022;Bürgerentscheid zur Abwahl des Oberbürgermeisters der Stadt Frankfurt am Main, Herrn Peter Feldmann;06412000;42202;422-02;1;1;522;182;39;743;184;35;1;183;154;29
06.11.2022;Bürgerentscheid zur Abwahl des Oberbürgermeisters der Stadt Frankfurt am Main, Herrn Peter Feldmann;06412000;42203;422-03;1;0;NA;NA;NA;NA;NA;NA;NA;NA;NA;NA
06.11.2022;Bürgerentscheid zur Abwahl des Oberbürgermeisters der Stadt Frankfurt am Main, Herrn Peter Feldmann;06412000;42301;423-01;1;0;NA;NA;NA;NA;NA;NA;NA;NA;NA;NA
06.11.2022;Bürgerentscheid zur Abwahl des Oberbürgermeisters der Stadt Frankfurt am Main, Herrn Peter Feldmann;06412000;42302;423-02;1;1;612;291;57;960;366;69;3;363;302;61
06.11.2022;Bürgerentscheid zur Abwahl des Oberbürgermeisters der Stadt Frankfurt am Main, Herrn Peter Feldmann;06412000;42401;424-01;1;0;NA;NA;NA;NA;NA;NA;NA;NA;NA;NA
06.11.2022;Bürgerentscheid zur Abwahl des Oberbürgermeisters der Stadt Frankfurt am Main, Herrn Peter Feldmann;06412000;42501;425-01;1;0;NA;NA;NA;NA;NA;NA;NA;NA;NA;NA
06.11.2022;Bürgerentscheid zur Abwahl des Oberbürgermeisters der Stadt Frankfurt am Main, Herrn Peter Feldmann;06412000;42601;426-01;1;0;NA;NA;NA;NA;NA;NA;NA;NA;NA;NA
06.11.2022;Bürgerentscheid zur Abwahl des Oberbürgermeisters der Stadt Frankfurt am Main, Herrn Peter Feldmann;06412000;42602;426-02;1;0;NA;NA;NA;NA;NA;NA;NA;NA;NA;NA
06.11.2022;Bürgerentscheid zur Abwahl des Oberbürgermeisters der Stadt Frankfurt am Main, Herrn Peter Feldmann;06412000;43101;431-01;1;0;NA;NA;NA;NA;NA;NA;NA;NA;NA;NA
06.11.2022;Bürgerentscheid zur Abwahl des Oberbürgermeisters der Stadt Frankfurt am Main, Herrn Peter Feldmann;06412000;43102;431-02;1;0;NA;NA;NA;NA;NA;NA;NA;NA;NA;NA
06.11.2022;Bürgerentscheid zur Abwahl des Oberbürgermeisters der Stadt Frankfurt am Main, Herrn Peter Feldmann;06412000;43103;431-03;1;0;NA;NA;NA;NA;NA;NA;NA;NA;NA;NA
06.11.2022;Bürgerentscheid zur Abwahl des Oberbürgermeisters der Stadt Frankfurt am Main, Herrn Peter Feldmann;06412000;43104;431-04;1;0;NA;NA;NA;NA;NA;NA;NA;NA;NA;NA
06.11.2022;Bürgerentscheid zur Abwahl des Oberbürgermeisters der Stadt Frankfurt am Main, Herrn Peter Feldmann;06412000;43105;431-05;1;0;NA;NA;NA;NA;NA;NA;NA;NA;NA;NA
06.11.2022;Bürgerentscheid zur Abwahl des Oberbürgermeisters der Stadt Frankfurt am Main, Herrn Peter Feldmann;06412000;43201;432-01;1;0;NA;NA;NA;NA;NA;NA;NA;NA;NA;NA
06.11.2022;Bürgerentscheid zur Abwahl des Oberbürgermeisters der Stadt Frankfurt am Main, Herrn Peter Feldmann;06412000;43202;432-02;1;0;NA;NA;NA;NA;NA;NA;NA;NA;NA;NA
06.11.2022;Bürgerentscheid zur Abwahl des Oberbürgermeisters der Stadt Frankfurt am Main, Herrn Peter Feldmann;06412000;43203;432-03;1;0;NA;NA;NA;NA;NA;NA;NA;NA;NA;NA
06.11.2022;Bürgerentscheid zur Abwahl des Oberbürgermeisters der Stadt Frankfurt am Main, Herrn Peter Feldmann;06412000;43204;432-04;1;0;NA;NA;NA;NA;NA;NA;NA;NA;NA;NA
06.11.2022;Bürgerentscheid zur Abwahl des Oberbürgermeisters der Stadt Frankfurt am Main, Herrn Peter Feldmann;06412000;44101;441-01;1;0;NA;NA;NA;NA;NA;NA;NA;NA;NA;NA
06.11.2022;Bürgerentscheid zur Abwahl des Oberbürgermeisters der Stadt Frankfurt am Main, Herrn Peter Feldmann;06412000;44102;441-02;1;0;NA;NA;NA;NA;NA;NA;NA;NA;NA;NA
06.11.2022;Bürgerentscheid zur Abwahl des Oberbürgermeisters der Stadt Frankfurt am Main, Herrn Peter Feldmann;06412000;44103;441-03;1;0;NA;NA;NA;NA;NA;NA;NA;NA;NA;NA
06.11.2022;Bürgerentscheid zur Abwahl des Oberbürgermeisters der Stadt Frankfurt am Main, Herrn Peter Feldmann;06412000;44104;441-04;1;0;NA;NA;NA;NA;NA;NA;NA;NA;NA;NA
06.11.2022;Bürgerentscheid zur Abwahl des Oberbürgermeisters der Stadt Frankfurt am Main, Herrn Peter Feldmann;06412000;44105;441-05;1;0;NA;NA;NA;NA;NA;NA;NA;NA;NA;NA
06.11.2022;Bürgerentscheid zur Abwahl des Oberbürgermeisters der Stadt Frankfurt am Main, Herrn Peter Feldmann;06412000;44106;441-06;1;0;NA;NA;NA;NA;NA;NA;NA;NA;NA;NA
06.11.2022;Bürgerentscheid zur Abwahl des Oberbürgermeisters der Stadt Frankfurt am Main, Herrn Peter Feldmann;06412000;44107;441-07;1;0;NA;NA;NA;NA;NA;NA;NA;NA;NA;NA
06.11.2022;Bürgerentscheid zur Abwahl des Oberbürgermeisters der Stadt Frankfurt am Main, Herrn Peter Feldmann;06412000;44108;441-08;1;0;NA;NA;NA;NA;NA;NA;NA;NA;NA;NA
06.11.2022;Bürgerentscheid zur Abwahl des Oberbürgermeisters der Stadt Frankfurt am Main, Herrn Peter Feldmann;06412000;44201;442-01;1;0;NA;NA;NA;NA;NA;NA;NA;NA;NA;NA
06.11.2022;Bürgerentscheid zur Abwahl des Oberbürgermeisters der Stadt Frankfurt am Main, Herrn Peter Feldmann;06412000;44202;442-02;1;0;NA;NA;NA;NA;NA;NA;NA;NA;NA;NA
06.11.2022;Bürgerentscheid zur Abwahl des Oberbürgermeisters der Stadt Frankfurt am Main, Herrn Peter Feldmann;06412000;44203;442-03;1;0;NA;NA;NA;NA;NA;NA;NA;NA;NA;NA
06.11.2022;Bürgerentscheid zur Abwahl des Oberbürgermeisters der Stadt Frankfurt am Main, Herrn Peter Feldmann;06412000;44204;442-04;1;0;NA;NA;NA;NA;NA;NA;NA;NA;NA;NA
06.11.2022;Bürgerentscheid zur Abwahl des Oberbürgermeisters der Stadt Frankfurt am Main, Herrn Peter Feldmann;06412000;45101;451-01;1;0;NA;NA;NA;NA;NA;NA;NA;NA;NA;NA
06.11.2022;Bürgerentscheid zur Abwahl des Oberbürgermeisters der Stadt Frankfurt am Main, Herrn Peter Feldmann;06412000;45102;451-02;1;0;NA;NA;NA;NA;NA;NA;NA;NA;NA;NA
06.11.2022;Bürgerentscheid zur Abwahl des Oberbürgermeisters der Stadt Frankfurt am Main, Herrn Peter Feldmann;06412000;45103;451-03;1;0;NA;NA;NA;NA;NA;NA;NA;NA;NA;NA
06.11.2022;Bürgerentscheid zur Abwahl des Oberbürgermeisters der Stadt Frankfurt am Main, Herrn Peter Feldmann;06412000;45104;451-04;1;0;NA;NA;NA;NA;NA;NA;NA;NA;NA;NA
06.11.2022;Bürgerentscheid zur Abwahl des Oberbürgermeisters der Stadt Frankfurt am Main, Herrn Peter Feldmann;06412000;45201;452-01;1;0;NA;NA;NA;NA;NA;NA;NA;NA;NA;NA
06.11.2022;Bürgerentscheid zur Abwahl des Oberbürgermeisters der Stadt Frankfurt am Main, Herrn Peter Feldmann;06412000;45202;452-02;1;0;NA;NA;NA;NA;NA;NA;NA;NA;NA;NA
06.11.2022;Bürgerentscheid zur Abwahl des Oberbürgermeisters der Stadt Frankfurt am Main, Herrn Peter Feldmann;06412000;45203;452-03;1;0;NA;NA;NA;NA;NA;NA;NA;NA;NA;NA
06.11.2022;Bürgerentscheid zur Abwahl des Oberbürgermeisters der Stadt Frankfurt am Main, Herrn Peter Feldmann;06412000;45204;452-04;1;0;NA;NA;NA;NA;NA;NA;NA;NA;NA;NA
06.11.2022;Bürgerentscheid zur Abwahl des Oberbürgermeisters der Stadt Frankfurt am Main, Herrn Peter Feldmann;06412000;46101;461-01;1;0;NA;NA;NA;NA;NA;NA;NA;NA;NA;NA
06.11.2022;Bürgerentscheid zur Abwahl des Oberbürgermeisters der Stadt Frankfurt am Main, Herrn Peter Feldmann;06412000;46102;461-02;1;0;NA;NA;NA;NA;NA;NA;NA;NA;NA;NA
06.11.2022;Bürgerentscheid zur Abwahl des Oberbürgermeisters der Stadt Frankfurt am Main, Herrn Peter Feldmann;06412000;46103;461-03;1;0;NA;NA;NA;NA;NA;NA;NA;NA;NA;NA
06.11.2022;Bürgerentscheid zur Abwahl des Oberbürgermeisters der Stadt Frankfurt am Main, Herrn Peter Feldmann;06412000;46104;461-04;1;0;NA;NA;NA;NA;NA;NA;NA;NA;NA;NA
06.11.2022;Bürgerentscheid zur Abwahl des Oberbürgermeisters der Stadt Frankfurt am Main, Herrn Peter Feldmann;06412000;46105;461-05;1;1;543;160;29;732;184;42;2;182;151;31
06.11.2022;Bürgerentscheid zur Abwahl des Oberbürgermeisters der Stadt Frankfurt am Main, Herrn Peter Feldmann;06412000;46106;461-06;1;0;NA;NA;NA;NA;NA;NA;NA;NA;NA;NA
06.11.2022;Bürgerentscheid zur Abwahl des Oberbürgermeisters der Stadt Frankfurt am Main, Herrn Peter Feldmann;06412000;46107;461-07;1;1;528;144;37;709;220;51;2;218;183;35
06.11.2022;Bürgerentscheid zur Abwahl des Oberbürgermeisters der Stadt Frankfurt am Main, Herrn Peter Feldmann;06412000;46201;462-01;1;0;NA;NA;NA;NA;NA;NA;NA;NA;NA;NA
06.11.2022;Bürgerentscheid zur Abwahl des Oberbürgermeisters der Stadt Frankfurt am Main, Herrn Peter Feldmann;06412000;46202;462-02;1;0;NA;NA;NA;NA;NA;NA;NA;NA;NA;NA
06.11.2022;Bürgerentscheid zur Abwahl des Oberbürgermeisters der Stadt Frankfurt am Main, Herrn Peter Feldmann;06412000;46203;462-03;1;1;705;328;46;1079;256;63;2;254;209;45
06.11.2022;Bürgerentscheid zur Abwahl des Oberbürgermeisters der Stadt Frankfurt am Main, Herrn Peter Feldmann;06412000;46204;462-04;1;0;NA;NA;NA;NA;NA;NA;NA;NA;NA;NA
06.11.2022;Bürgerentscheid zur Abwahl des Oberbürgermeisters der Stadt Frankfurt am Main, Herrn Peter Feldmann;06412000;46205;462-05;1;0;NA;NA;NA;NA;NA;NA;NA;NA;NA;NA
06.11.2022;Bürgerentscheid zur Abwahl des Oberbürgermeisters der Stadt Frankfurt am Main, Herrn Peter Feldmann;06412000;46206;462-06;1;0;NA;NA;NA;NA;NA;NA;NA;NA;NA;NA
06.11.2022;Bürgerentscheid zur Abwahl des Oberbürgermeisters der Stadt Frankfurt am Main, Herrn Peter Feldmann;06412000;46301;463-01;1;0;NA;NA;NA;NA;NA;NA;NA;NA;NA;NA
06.11.2022;Bürgerentscheid zur Abwahl des Oberbürgermeisters der Stadt Frankfurt am Main, Herrn Peter Feldmann;06412000;46302;463-02;1;0;NA;NA;NA;NA;NA;NA;NA;NA;NA;NA
06.11.2022;Bürgerentscheid zur Abwahl des Oberbürgermeisters der Stadt Frankfurt am Main, Herrn Peter Feldmann;06412000;47001;470-01;1;0;NA;NA;NA;NA;NA;NA;NA;NA;NA;NA
06.11.2022;Bürgerentscheid zur Abwahl des Oberbürgermeisters der Stadt Frankfurt am Main, Herrn Peter Feldmann;06412000;47002;470-02;1;0;NA;NA;NA;NA;NA;NA;NA;NA;NA;NA
06.11.2022;Bürgerentscheid zur Abwahl des Oberbürgermeisters der Stadt Frankfurt am Main, Herrn Peter Feldmann;06412000;47003;470-03;1;1;549;168;46;763;228;47;2;226;187;39
06.11.2022;Bürgerentscheid zur Abwahl des Oberbürgermeisters der Stadt Frankfurt am Main, Herrn Peter Feldmann;06412000;47004;470-04;1;0;NA;NA;NA;NA;NA;NA;NA;NA;NA;NA
06.11.2022;Bürgerentscheid zur Abwahl des Oberbürgermeisters der Stadt Frankfurt am Main, Herrn Peter Feldmann;06412000;47005;470-05;1;0;NA;NA;NA;NA;NA;NA;NA;NA;NA;NA
06.11.2022;Bürgerentscheid zur Abwahl des Oberbürgermeisters der Stadt Frankfurt am Main, Herrn Peter Feldmann;06412000;47006;470-06;1;0;NA;NA;NA;NA;NA;NA;NA;NA;NA;NA
06.11.2022;Bürgerentscheid zur Abwahl des Oberbürgermeisters der Stadt Frankfurt am Main, Herrn Peter Feldmann;06412000;47007;470-07;1;0;NA;NA;NA;NA;NA;NA;NA;NA;NA;NA
06.11.2022;Bürgerentscheid zur Abwahl des Oberbürgermeisters der Stadt Frankfurt am Main, Herrn Peter Feldmann;06412000;48101;481-01;1;0;NA;NA;NA;NA;NA;NA;NA;NA;NA;NA
06.11.2022;Bürgerentscheid zur Abwahl des Oberbürgermeisters der Stadt Frankfurt am Main, Herrn Peter Feldmann;06412000;48102;481-02;1;0;NA;NA;NA;NA;NA;NA;NA;NA;NA;NA
06.11.2022;Bürgerentscheid zur Abwahl des Oberbürgermeisters der Stadt Frankfurt am Main, Herrn Peter Feldmann;06412000;48103;481-03;1;0;NA;NA;NA;NA;NA;NA;NA;NA;NA;NA
06.11.2022;Bürgerentscheid zur Abwahl des Oberbürgermeisters der Stadt Frankfurt am Main, Herrn Peter Feldmann;06412000;48201;482-01;1;0;NA;NA;NA;NA;NA;NA;NA;NA;NA;NA
06.11.2022;Bürgerentscheid zur Abwahl des Oberbürgermeisters der Stadt Frankfurt am Main, Herrn Peter Feldmann;06412000;48202;482-02;1;0;NA;NA;NA;NA;NA;NA;NA;NA;NA;NA
06.11.2022;Bürgerentscheid zur Abwahl des Oberbürgermeisters der Stadt Frankfurt am Main, Herrn Peter Feldmann;06412000;48203;482-03;1;0;NA;NA;NA;NA;NA;NA;NA;NA;NA;NA
06.11.2022;Bürgerentscheid zur Abwahl des Oberbürgermeisters der Stadt Frankfurt am Main, Herrn Peter Feldmann;06412000;48301;483-01;1;0;NA;NA;NA;NA;NA;NA;NA;NA;NA;NA
06.11.2022;Bürgerentscheid zur Abwahl des Oberbürgermeisters der Stadt Frankfurt am Main, Herrn Peter Feldmann;06412000;49101;491-01;1;0;NA;NA;NA;NA;NA;NA;NA;NA;NA;NA
06.11.2022;Bürgerentscheid zur Abwahl des Oberbürgermeisters der Stadt Frankfurt am Main, Herrn Peter Feldmann;06412000;49102;491-02;1;0;NA;NA;NA;NA;NA;NA;NA;NA;NA;NA
06.11.2022;Bürgerentscheid zur Abwahl des Oberbürgermeisters der Stadt Frankfurt am Main, Herrn Peter Feldmann;06412000;49103;491-03;1;0;NA;NA;NA;NA;NA;NA;NA;NA;NA;NA
06.11.2022;Bürgerentscheid zur Abwahl des Oberbürgermeisters der Stadt Frankfurt am Main, Herrn Peter Feldmann;06412000;49201;492-01;1;0;NA;NA;NA;NA;NA;NA;NA;NA;NA;NA
06.11.2022;Bürgerentscheid zur Abwahl des Oberbürgermeisters der Stadt Frankfurt am Main, Herrn Peter Feldmann;06412000;49202;492-02;1;0;NA;NA;NA;NA;NA;NA;NA;NA;NA;NA
06.11.2022;Bürgerentscheid zur Abwahl des Oberbürgermeisters der Stadt Frankfurt am Main, Herrn Peter Feldmann;06412000;49203;492-03;1;1;760;249;40;1049;258;55;2;256;217;39
06.11.2022;Bürgerentscheid zur Abwahl des Oberbürgermeisters der Stadt Frankfurt am Main, Herrn Peter Feldmann;06412000;49204;492-04;1;1;473;220;30;723;272;63;2;270;222;48
06.11.2022;Bürgerentscheid zur Abwahl des Oberbürgermeisters der Stadt Frankfurt am Main, Herrn Peter Feldmann;06412000;50001;500-01;1;0;NA;NA;NA;NA;NA;NA;NA;NA;NA;NA
06.11.2022;Bürgerentscheid zur Abwahl des Oberbürgermeisters der Stadt Frankfurt am Main, Herrn Peter Feldmann;06412000;50002;500-02;1;0;NA;NA;NA;NA;NA;NA;NA;NA;NA;NA
06.11.2022;Bürgerentscheid zur Abwahl des Oberbürgermeisters der Stadt Frankfurt am Main, Herrn Peter Feldmann;06412000;51001;510-01;1;0;NA;NA;NA;NA;NA;NA;NA;NA;NA;NA
06.11.2022;Bürgerentscheid zur Abwahl des Oberbürgermeisters der Stadt Frankfurt am Main, Herrn Peter Feldmann;06412000;51002;510-02;1;1;656;310;50;1016;326;73;2;324;281;43
06.11.2022;Bürgerentscheid zur Abwahl des Oberbürgermeisters der Stadt Frankfurt am Main, Herrn Peter Feldmann;06412000;51003;510-03;1;0;NA;NA;NA;NA;NA;NA;NA;NA;NA;NA
06.11.2022;Bürgerentscheid zur Abwahl des Oberbürgermeisters der Stadt Frankfurt am Main, Herrn Peter Feldmann;06412000;51004;510-04;1;0;NA;NA;NA;NA;NA;NA;NA;NA;NA;NA
06.11.2022;Bürgerentscheid zur Abwahl des Oberbürgermeisters der Stadt Frankfurt am Main, Herrn Peter Feldmann;06412000;52001;520-01;1;0;NA;NA;NA;NA;NA;NA;NA;NA;NA;NA
06.11.2022;Bürgerentscheid zur Abwahl des Oberbürgermeisters der Stadt Frankfurt am Main, Herrn Peter Feldmann;06412000;52002;520-02;1;0;NA;NA;NA;NA;NA;NA;NA;NA;NA;NA
06.11.2022;Bürgerentscheid zur Abwahl des Oberbürgermeisters der Stadt Frankfurt am Main, Herrn Peter Feldmann;06412000;52003;520-03;1;0;NA;NA;NA;NA;NA;NA;NA;NA;NA;NA
06.11.2022;Bürgerentscheid zur Abwahl des Oberbürgermeisters der Stadt Frankfurt am Main, Herrn Peter Feldmann;06412000;53101;531-01;1;0;NA;NA;NA;NA;NA;NA;NA;NA;NA;NA
06.11.2022;Bürgerentscheid zur Abwahl des Oberbürgermeisters der Stadt Frankfurt am Main, Herrn Peter Feldmann;06412000;53102;531-02;1;0;NA;NA;NA;NA;NA;NA;NA;NA;NA;NA
06.11.2022;Bürgerentscheid zur Abwahl des Oberbürgermeisters der Stadt Frankfurt am Main, Herrn Peter Feldmann;06412000;53103;531-03;1;0;NA;NA;NA;NA;NA;NA;NA;NA;NA;NA
06.11.2022;Bürgerentscheid zur Abwahl des Oberbürgermeisters der Stadt Frankfurt am Main, Herrn Peter Feldmann;06412000;53104;531-04;1;0;NA;NA;NA;NA;NA;NA;NA;NA;NA;NA
06.11.2022;Bürgerentscheid zur Abwahl des Oberbürgermeisters der Stadt Frankfurt am Main, Herrn Peter Feldmann;06412000;53105;531-05;1;1;609;206;46;861;290;69;3;287;254;33
06.11.2022;Bürgerentscheid zur Abwahl des Oberbürgermeisters der Stadt Frankfurt am Main, Herrn Peter Feldmann;06412000;53201;532-01;1;0;NA;NA;NA;NA;NA;NA;NA;NA;NA;NA
06.11.2022;Bürgerentscheid zur Abwahl des Oberbürgermeisters der Stadt Frankfurt am Main, Herrn Peter Feldmann;06412000;53202;532-02;1;0;NA;NA;NA;NA;NA;NA;NA;NA;NA;NA
06.11.2022;Bürgerentscheid zur Abwahl des Oberbürgermeisters der Stadt Frankfurt am Main, Herrn Peter Feldmann;06412000;53203;532-03;1;0;NA;NA;NA;NA;NA;NA;NA;NA;NA;NA
06.11.2022;Bürgerentscheid zur Abwahl des Oberbürgermeisters der Stadt Frankfurt am Main, Herrn Peter Feldmann;06412000;53204;532-04;1;0;NA;NA;NA;NA;NA;NA;NA;NA;NA;NA
06.11.2022;Bürgerentscheid zur Abwahl des Oberbürgermeisters der Stadt Frankfurt am Main, Herrn Peter Feldmann;06412000;53205;532-05;1;1;753;190;56;999;262;80;3;259;228;31
06.11.2022;Bürgerentscheid zur Abwahl des Oberbürgermeisters der Stadt Frankfurt am Main, Herrn Peter Feldmann;06412000;53206;532-06;1;0;NA;NA;NA;NA;NA;NA;NA;NA;NA;NA
06.11.2022;Bürgerentscheid zur Abwahl des Oberbürgermeisters der Stadt Frankfurt am Main, Herrn Peter Feldmann;06412000;54101;541-01;1;0;NA;NA;NA;NA;NA;NA;NA;NA;NA;NA
06.11.2022;Bürgerentscheid zur Abwahl des Oberbürgermeisters der Stadt Frankfurt am Main, Herrn Peter Feldmann;06412000;54102;541-02;1;0;NA;NA;NA;NA;NA;NA;NA;NA;NA;NA
06.11.2022;Bürgerentscheid zur Abwahl des Oberbürgermeisters der Stadt Frankfurt am Main, Herrn Peter Feldmann;06412000;54201;542-01;1;0;NA;NA;NA;NA;NA;NA;NA;NA;NA;NA
06.11.2022;Bürgerentscheid zur Abwahl des Oberbürgermeisters der Stadt Frankfurt am Main, Herrn Peter Feldmann;06412000;54202;542-02;1;0;NA;NA;NA;NA;NA;NA;NA;NA;NA;NA
06.11.2022;Bürgerentscheid zur Abwahl des Oberbürgermeisters der Stadt Frankfurt am Main, Herrn Peter Feldmann;06412000;54203;542-03;1;1;698;291;43;1032;349;80;3;346;303;43
06.11.2022;Bürgerentscheid zur Abwahl des Oberbürgermeisters der Stadt Frankfurt am Main, Herrn Peter Feldmann;06412000;55101;551-01;1;1;689;257;62;1008;275;57;3;272;222;50
06.11.2022;Bürgerentscheid zur Abwahl des Oberbürgermeisters der Stadt Frankfurt am Main, Herrn Peter Feldmann;06412000;55102;551-02;1;0;NA;NA;NA;NA;NA;NA;NA;NA;NA;NA
06.11.2022;Bürgerentscheid zur Abwahl des Oberbürgermeisters der Stadt Frankfurt am Main, Herrn Peter Feldmann;06412000;55201;552-01;1;0;NA;NA;NA;NA;NA;NA;NA;NA;NA;NA
06.11.2022;Bürgerentscheid zur Abwahl des Oberbürgermeisters der Stadt Frankfurt am Main, Herrn Peter Feldmann;06412000;55202;552-02;1;1;698;195;38;931;253;54;1;252;222;30
06.11.2022;Bürgerentscheid zur Abwahl des Oberbürgermeisters der Stadt Frankfurt am Main, Herrn Peter Feldmann;06412000;55203;552-03;1;0;NA;NA;NA;NA;NA;NA;NA;NA;NA;NA
06.11.2022;Bürgerentscheid zur Abwahl des Oberbürgermeisters der Stadt Frankfurt am Main, Herrn Peter Feldmann;06412000;56101;561-01;1;0;NA;NA;NA;NA;NA;NA;NA;NA;NA;NA
06.11.2022;Bürgerentscheid zur Abwahl des Oberbürgermeisters der Stadt Frankfurt am Main, Herrn Peter Feldmann;06412000;56102;561-02;1;0;NA;NA;NA;NA;NA;NA;NA;NA;NA;NA
06.11.2022;Bürgerentscheid zur Abwahl des Oberbürgermeisters der Stadt Frankfurt am Main, Herrn Peter Feldmann;06412000;56103;561-03;1;0;NA;NA;NA;NA;NA;NA;NA;NA;NA;NA
06.11.2022;Bürgerentscheid zur Abwahl des Oberbürgermeisters der Stadt Frankfurt am Main, Herrn Peter Feldmann;06412000;56104;561-04;1;0;NA;NA;NA;NA;NA;NA;NA;NA;NA;NA
06.11.2022;Bürgerentscheid zur Abwahl des Oberbürgermeisters der Stadt Frankfurt am Main, Herrn Peter Feldmann;06412000;56105;561-05;1;1;690;298;58;1046;255;73;2;253;216;37
06.11.2022;Bürgerentscheid zur Abwahl des Oberbürgermeisters der Stadt Frankfurt am Main, Herrn Peter Feldmann;06412000;56201;562-01;1;0;NA;NA;NA;NA;NA;NA;NA;NA;NA;NA
06.11.2022;Bürgerentscheid zur Abwahl des Oberbürgermeisters der Stadt Frankfurt am Main, Herrn Peter Feldmann;06412000;56202;562-02;1;0;NA;NA;NA;NA;NA;NA;NA;NA;NA;NA
06.11.2022;Bürgerentscheid zur Abwahl des Oberbürgermeisters der Stadt Frankfurt am Main, Herrn Peter Feldmann;06412000;56203;562-03;1;0;NA;NA;NA;NA;NA;NA;NA;NA;NA;NA
06.11.2022;Bürgerentscheid zur Abwahl des Oberbürgermeisters der Stadt Frankfurt am Main, Herrn Peter Feldmann;06412000;56204;562-04;1;1;555;248;39;842;310;82;3;307;259;48
06.11.2022;Bürgerentscheid zur Abwahl des Oberbürgermeisters der Stadt Frankfurt am Main, Herrn Peter Feldmann;06412000;57001;570-01;1;0;NA;NA;NA;NA;NA;NA;NA;NA;NA;NA
06.11.2022;Bürgerentscheid zur Abwahl des Oberbürgermeisters der Stadt Frankfurt am Main, Herrn Peter Feldmann;06412000;57002;570-02;1;0;NA;NA;NA;NA;NA;NA;NA;NA;NA;NA
06.11.2022;Bürgerentscheid zur Abwahl des Oberbürgermeisters der Stadt Frankfurt am Main, Herrn Peter Feldmann;06412000;57003;570-03;1;0;NA;NA;NA;NA;NA;NA;NA;NA;NA;NA
06.11.2022;Bürgerentscheid zur Abwahl des Oberbürgermeisters der Stadt Frankfurt am Main, Herrn Peter Feldmann;06412000;58001;580-01;1;0;NA;NA;NA;NA;NA;NA;NA;NA;NA;NA
06.11.2022;Bürgerentscheid zur Abwahl des Oberbürgermeisters der Stadt Frankfurt am Main, Herrn Peter Feldmann;06412000;58002;580-02;1;0;NA;NA;NA;NA;NA;NA;NA;NA;NA;NA
06.11.2022;Bürgerentscheid zur Abwahl des Oberbürgermeisters der Stadt Frankfurt am Main, Herrn Peter Feldmann;06412000;59101;591-01;1;0;NA;NA;NA;NA;NA;NA;NA;NA;NA;NA
06.11.2022;Bürgerentscheid zur Abwahl des Oberbürgermeisters der Stadt Frankfurt am Main, Herrn Peter Feldmann;06412000;59102;591-02;1;0;NA;NA;NA;NA;NA;NA;NA;NA;NA;NA
06.11.2022;Bürgerentscheid zur Abwahl des Oberbürgermeisters der Stadt Frankfurt am Main, Herrn Peter Feldmann;06412000;60101;601-01;1;1;585;180;47;812;258;65;2;256;215;41
06.11.2022;Bürgerentscheid zur Abwahl des Oberbürgermeisters der Stadt Frankfurt am Main, Herrn Peter Feldmann;06412000;60102;601-02;1;0;NA;NA;NA;NA;NA;NA;NA;NA;NA;NA
06.11.2022;Bürgerentscheid zur Abwahl des Oberbürgermeisters der Stadt Frankfurt am Main, Herrn Peter Feldmann;06412000;60201;602-01;1;0;NA;NA;NA;NA;NA;NA;NA;NA;NA;NA
06.11.2022;Bürgerentscheid zur Abwahl des Oberbürgermeisters der Stadt Frankfurt am Main, Herrn Peter Feldmann;06412000;60202;602-02;1;0;NA;NA;NA;NA;NA;NA;NA;NA;NA;NA
06.11.2022;Bürgerentscheid zur Abwahl des Oberbürgermeisters der Stadt Frankfurt am Main, Herrn Peter Feldmann;06412000;60401;604-01;1;0;NA;NA;NA;NA;NA;NA;NA;NA;NA;NA
06.11.2022;Bürgerentscheid zur Abwahl des Oberbürgermeisters der Stadt Frankfurt am Main, Herrn Peter Feldmann;06412000;61101;611-01;1;0;NA;NA;NA;NA;NA;NA;NA;NA;NA;NA
06.11.2022;Bürgerentscheid zur Abwahl des Oberbürgermeisters der Stadt Frankfurt am Main, Herrn Peter Feldmann;06412000;61102;611-02;1;0;NA;NA;NA;NA;NA;NA;NA;NA;NA;NA
06.11.2022;Bürgerentscheid zur Abwahl des Oberbürgermeisters der Stadt Frankfurt am Main, Herrn Peter Feldmann;06412000;61201;612-01;1;1;442;201;38;681;159;33;1;158;136;22
06.11.2022;Bürgerentscheid zur Abwahl des Oberbürgermeisters der Stadt Frankfurt am Main, Herrn Peter Feldmann;06412000;61202;612-02;1;0;NA;NA;NA;NA;NA;NA;NA;NA;NA;NA
06.11.2022;Bürgerentscheid zur Abwahl des Oberbürgermeisters der Stadt Frankfurt am Main, Herrn Peter Feldmann;06412000;62101;621-01;1;0;NA;NA;NA;NA;NA;NA;NA;NA;NA;NA
06.11.2022;Bürgerentscheid zur Abwahl des Oberbürgermeisters der Stadt Frankfurt am Main, Herrn Peter Feldmann;06412000;62102;621-02;1;0;NA;NA;NA;NA;NA;NA;NA;NA;NA;NA
06.11.2022;Bürgerentscheid zur Abwahl des Oberbürgermeisters der Stadt Frankfurt am Main, Herrn Peter Feldmann;06412000;62103;621-03;1;0;NA;NA;NA;NA;NA;NA;NA;NA;NA;NA
06.11.2022;Bürgerentscheid zur Abwahl des Oberbürgermeisters der Stadt Frankfurt am Main, Herrn Peter Feldmann;06412000;62104;621-04;1;0;NA;NA;NA;NA;NA;NA;NA;NA;NA;NA
06.11.2022;Bürgerentscheid zur Abwahl des Oberbürgermeisters der Stadt Frankfurt am Main, Herrn Peter Feldmann;06412000;62201;622-01;1;0;NA;NA;NA;NA;NA;NA;NA;NA;NA;NA
06.11.2022;Bürgerentscheid zur Abwahl des Oberbürgermeisters der Stadt Frankfurt am Main, Herrn Peter Feldmann;06412000;62202;622-02;1;0;NA;NA;NA;NA;NA;NA;NA;NA;NA;NA
06.11.2022;Bürgerentscheid zur Abwahl des Oberbürgermeisters der Stadt Frankfurt am Main, Herrn Peter Feldmann;06412000;62203;622-03;1;0;NA;NA;NA;NA;NA;NA;NA;NA;NA;NA
06.11.2022;Bürgerentscheid zur Abwahl des Oberbürgermeisters der Stadt Frankfurt am Main, Herrn Peter Feldmann;06412000;63101;631-01;1;1;579;217;47;843;240;50;2;238;204;34
06.11.2022;Bürgerentscheid zur Abwahl des Oberbürgermeisters der Stadt Frankfurt am Main, Herrn Peter Feldmann;06412000;63102;631-02;1;0;NA;NA;NA;NA;NA;NA;NA;NA;NA;NA
06.11.2022;Bürgerentscheid zur Abwahl des Oberbürgermeisters der Stadt Frankfurt am Main, Herrn Peter Feldmann;06412000;63103;631-03;1;1;593;255;34;882;281;58;3;278;246;32
06.11.2022;Bürgerentscheid zur Abwahl des Oberbürgermeisters der Stadt Frankfurt am Main, Herrn Peter Feldmann;06412000;63104;631-04;1;0;NA;NA;NA;NA;NA;NA;NA;NA;NA;NA
06.11.2022;Bürgerentscheid zur Abwahl des Oberbürgermeisters der Stadt Frankfurt am Main, Herrn Peter Feldmann;06412000;63201;632-01;1;0;NA;NA;NA;NA;NA;NA;NA;NA;NA;NA
06.11.2022;Bürgerentscheid zur Abwahl des Oberbürgermeisters der Stadt Frankfurt am Main, Herrn Peter Feldmann;06412000;63202;632-02;1;0;NA;NA;NA;NA;NA;NA;NA;NA;NA;NA
06.11.2022;Bürgerentscheid zur Abwahl des Oberbürgermeisters der Stadt Frankfurt am Main, Herrn Peter Feldmann;06412000;63203;632-03;1;0;NA;NA;NA;NA;NA;NA;NA;NA;NA;NA
06.11.2022;Bürgerentscheid zur Abwahl des Oberbürgermeisters der Stadt Frankfurt am Main, Herrn Peter Feldmann;06412000;64001;640-01;1;0;NA;NA;NA;NA;NA;NA;NA;NA;NA;NA
06.11.2022;Bürgerentscheid zur Abwahl des Oberbürgermeisters der Stadt Frankfurt am Main, Herrn Peter Feldmann;06412000;64002;640-02;1;0;NA;NA;NA;NA;NA;NA;NA;NA;NA;NA
06.11.2022;Bürgerentscheid zur Abwahl des Oberbürgermeisters der Stadt Frankfurt am Main, Herrn Peter Feldmann;06412000;64003;640-03;1;0;NA;NA;NA;NA;NA;NA;NA;NA;NA;NA
06.11.2022;Bürgerentscheid zur Abwahl des Oberbürgermeisters der Stadt Frankfurt am Main, Herrn Peter Feldmann;06412000;65001;650-01;1;0;NA;NA;NA;NA;NA;NA;NA;NA;NA;NA
06.11.2022;Bürgerentscheid zur Abwahl des Oberbürgermeisters der Stadt Frankfurt am Main, Herrn Peter Feldmann;06412000;65002;650-02;1;1;638;295;51;984;346;86;4;342;284;58
06.11.2022;Bürgerentscheid zur Abwahl des Oberbürgermeisters der Stadt Frankfurt am Main, Herrn Peter Feldmann;06412000;65003;650-03;1;0;NA;NA;NA;NA;NA;NA;NA;NA;NA;NA
06.11.2022;Bürgerentscheid zur Abwahl des Oberbürgermeisters der Stadt Frankfurt am Main, Herrn Peter Feldmann;06412000;65101;651-01;1;0;NA;NA;NA;NA;NA;NA;NA;NA;NA;NA
06.11.2022;Bürgerentscheid zur Abwahl des Oberbürgermeisters der Stadt Frankfurt am Main, Herrn Peter Feldmann;06412000;65102;651-02;1;0;NA;NA;NA;NA;NA;NA;NA;NA;NA;NA
06.11.2022;Bürgerentscheid zur Abwahl des Oberbürgermeisters der Stadt Frankfurt am Main, Herrn Peter Feldmann;06412000;65103;651-03;1;0;NA;NA;NA;NA;NA;NA;NA;NA;NA;NA
06.11.2022;Bürgerentscheid zur Abwahl des Oberbürgermeisters der Stadt Frankfurt am Main, Herrn Peter Feldmann;06412000;65104;651-04;1;0;NA;NA;NA;NA;NA;NA;NA;NA;NA;NA
06.11.2022;Bürgerentscheid zur Abwahl des Oberbürgermeisters der Stadt Frankfurt am Main, Herrn Peter Feldmann;06412000;65105;651-05;1;0;NA;NA;NA;NA;NA;NA;NA;NA;NA;NA
06.11.2022;Bürgerentscheid zur Abwahl des Oberbürgermeisters der Stadt Frankfurt am Main, Herrn Peter Feldmann;06412000;65106;651-06;1;1;564;147;46;757;222;54;1;221;194;27
06.11.2022;Bürgerentscheid zur Abwahl des Oberbürgermeisters der Stadt Frankfurt am Main, Herrn Peter Feldmann;06412000;65107;651-07;1;0;NA;NA;NA;NA;NA;NA;NA;NA;NA;NA
06.11.2022;Bürgerentscheid zur Abwahl des Oberbürgermeisters der Stadt Frankfurt am Main, Herrn Peter Feldmann;06412000;66001;660-01;1;0;NA;NA;NA;NA;NA;NA;NA;NA;NA;NA
06.11.2022;Bürgerentscheid zur Abwahl des Oberbürgermeisters der Stadt Frankfurt am Main, Herrn Peter Feldmann;06412000;66002;660-02;1;1;607;171;41;819;309;79;3;306;261;45
06.11.2022;Bürgerentscheid zur Abwahl des Oberbürgermeisters der Stadt Frankfurt am Main, Herrn Peter Feldmann;06412000;66003;660-03;1;0;NA;NA;NA;NA;NA;NA;NA;NA;NA;NA
06.11.2022;Bürgerentscheid zur Abwahl des Oberbürgermeisters der Stadt Frankfurt am Main, Herrn Peter Feldmann;06412000;67001;670-01;1;0;NA;NA;NA;NA;NA;NA;NA;NA;NA;NA
06.11.2022;Bürgerentscheid zur Abwahl des Oberbürgermeisters der Stadt Frankfurt am Main, Herrn Peter Feldmann;06412000;67002;670-02;1;0;NA;NA;NA;NA;NA;NA;NA;NA;NA;NA
06.11.2022;Bürgerentscheid zur Abwahl des Oberbürgermeisters der Stadt Frankfurt am Main, Herrn Peter Feldmann;06412000;67003;670-03;1;0;NA;NA;NA;NA;NA;NA;NA;NA;NA;NA
06.11.2022;Bürgerentscheid zur Abwahl des Oberbürgermeisters der Stadt Frankfurt am Main, Herrn Peter Feldmann;06412000;67004;670-04;1;0;NA;NA;NA;NA;NA;NA;NA;NA;NA;NA
06.11.2022;Bürgerentscheid zur Abwahl des Oberbürgermeisters der Stadt Frankfurt am Main, Herrn Peter Feldmann;06412000;67005;670-05;1;0;NA;NA;NA;NA;NA;NA;NA;NA;NA;NA
06.11.2022;Bürgerentscheid zur Abwahl des Oberbürgermeisters der Stadt Frankfurt am Main, Herrn Peter Feldmann;06412000;67006;670-06;1;0;NA;NA;NA;NA;NA;NA;NA;NA;NA;NA
06.11.2022;Bürgerentscheid zur Abwahl des Oberbürgermeisters der Stadt Frankfurt am Main, Herrn Peter Feldmann;06412000;68001;680-01;1;1;723;190;49;962;302;87;2;300;244;56
06.11.2022;Bürgerentscheid zur Abwahl des Oberbürgermeisters der Stadt Frankfurt am Main, Herrn Peter Feldmann;06412000;68002;680-02;1;0;NA;NA;NA;NA;NA;NA;NA;NA;NA;NA
06.11.2022;Bürgerentscheid zur Abwahl des Oberbürgermeisters der Stadt Frankfurt am Main, Herrn Peter Feldmann;06412000;68003;680-03;1;0;NA;NA;NA;NA;NA;NA;NA;NA;NA;NA
06.11.2022;Bürgerentscheid zur Abwahl des Oberbürgermeisters der Stadt Frankfurt am Main, Herrn Peter Feldmann;06412000;68004;680-04;1;0;NA;NA;NA;NA;NA;NA;NA;NA;NA;NA
06.11.2022;Bürgerentscheid zur Abwahl des Oberbürgermeisters der Stadt Frankfurt am Main, Herrn Peter Feldmann;06412000;68005;680-05;1;0;NA;NA;NA;NA;NA;NA;NA;NA;NA;NA
06.11.2022;Bürgerentscheid zur Abwahl des Oberbürgermeisters der Stadt Frankfurt am Main, Herrn Peter Feldmann;06412000;68006;680-06;1;1;805;208;66;1079;347;95;4;343;299;44
06.11.2022;Bürgerentscheid zur Abwahl des Oberbürgermeisters der Stadt Frankfurt am Main, Herrn Peter Feldmann;06412000;68007;680-07;1;0;NA;NA;NA;NA;NA;NA;NA;NA;NA;NA
06.11.2022;Bürgerentscheid zur Abwahl des Oberbürgermeisters der Stadt Frankfurt am Main, Herrn Peter Feldmann;06412000;68008;680-08;1;0;NA;NA;NA;NA;NA;NA;NA;NA;NA;NA
06.11.2022;Bürgerentscheid zur Abwahl des Oberbürgermeisters der Stadt Frankfurt am Main, Herrn Peter Feldmann;06412000;68009;680-09;1;0;NA;NA;NA;NA;NA;NA;NA;NA;NA;NA
06.11.2022;Bürgerentscheid zur Abwahl des Oberbürgermeisters der Stadt Frankfurt am Main, Herrn Peter Feldmann;06412000;68010;680-10;1;0;NA;NA;NA;NA;NA;NA;NA;NA;NA;NA
06.11.2022;Bürgerentscheid zur Abwahl des Oberbürgermeisters der Stadt Frankfurt am Main, Herrn Peter Feldmann;06412000;90101;901-01;1;0;NA;NA;NA;NA;NA;NA;NA;NA;NA;NA
06.11.2022;Bürgerentscheid zur Abwahl des Oberbürgermeisters der Stadt Frankfurt am Main, Herrn Peter Feldmann;06412000;90201;902-01;1;1;482;189;29;700;192;48;2;190;159;31
06.11.2022;Bürgerentscheid zur Abwahl des Oberbürgermeisters der Stadt Frankfurt am Main, Herrn Peter Feldmann;06412000;90202;902-02;1;0;NA;NA;NA;NA;NA;NA;NA;NA;NA;NA
06.11.2022;Bürgerentscheid zur Abwahl des Oberbürgermeisters der Stadt Frankfurt am Main, Herrn Peter Feldmann;06412000;90401;904-01;1;0;NA;NA;NA;NA;NA;NA;NA;NA;NA;NA
06.11.2022;Bürgerentscheid zur Abwahl des Oberbürgermeisters der Stadt Frankfurt am Main, Herrn Peter Feldmann;06412000;90402;904-02;1;0;NA;NA;NA;NA;NA;NA;NA;NA;NA;NA
06.11.2022;Bürgerentscheid zur Abwahl des Oberbürgermeisters der Stadt Frankfurt am Main, Herrn Peter Feldmann;06412000;90403;904-03;1;0;NA;NA;NA;NA;NA;NA;NA;NA;NA;NA
06.11.2022;Bürgerentscheid zur Abwahl des Oberbürgermeisters der Stadt Frankfurt am Main, Herrn Peter Feldmann;06412000;90404;904-04;1;0;NA;NA;NA;NA;NA;NA;NA;NA;NA;NA
06.11.2022;Bürgerentscheid zur Abwahl des Oberbürgermeisters der Stadt Frankfurt am Main, Herrn Peter Feldmann;06412000;90405;904-05;1;0;NA;NA;NA;NA;NA;NA;NA;NA;NA;NA
06.11.2022;Bürgerentscheid zur Abwahl des Oberbürgermeisters der Stadt Frankfurt am Main, Herrn Peter Feldmann;06412000;90501;905-01;1;0;NA;NA;NA;NA;NA;NA;NA;NA;NA;NA
06.11.2022;Bürgerentscheid zur Abwahl des Oberbürgermeisters der Stadt Frankfurt am Main, Herrn Peter Feldmann;06412000;90502;905-02;1;0;NA;NA;NA;NA;NA;NA;NA;NA;NA;NA
06.11.2022;Bürgerentscheid zur Abwahl des Oberbürgermeisters der Stadt Frankfurt am Main, Herrn Peter Feldmann;06412000;90503;905-03;1;0;NA;NA;NA;NA;NA;NA;NA;NA;NA;NA
06.11.2022;Bürgerentscheid zur Abwahl des Oberbürgermeisters der Stadt Frankfurt am Main, Herrn Peter Feldmann;06412000;90601;906-01;1;0;NA;NA;NA;NA;NA;NA;NA;NA;NA;NA
06.11.2022;Bürgerentscheid zur Abwahl des Oberbürgermeisters der Stadt Frankfurt am Main, Herrn Peter Feldmann;06412000;90602;906-02;1;0;NA;NA;NA;NA;NA;NA;NA;NA;NA;NA
06.11.2022;Bürgerentscheid zur Abwahl des Oberbürgermeisters der Stadt Frankfurt am Main, Herrn Peter Feldmann;06412000;90603;906-03;1;0;NA;NA;NA;NA;NA;NA;NA;NA;NA;NA
06.11.2022;Bürgerentscheid zur Abwahl des Oberbürgermeisters der Stadt Frankfurt am Main, Herrn Peter Feldmann;06412000;90604;906-04;1;0;NA;NA;NA;NA;NA;NA;NA;NA;NA;NA
06.11.2022;Bürgerentscheid zur Abwahl des Oberbürgermeisters der Stadt Frankfurt am Main, Herrn Peter Feldmann;06412000;90605;906-05;1;0;NA;NA;NA;NA;NA;NA;NA;NA;NA;NA
06.11.2022;Bürgerentscheid zur Abwahl des Oberbürgermeisters der Stadt Frankfurt am Main, Herrn Peter Feldmann;06412000;90606;906-06;1;0;NA;NA;NA;NA;NA;NA;NA;NA;NA;NA
06.11.2022;Bürgerentscheid zur Abwahl des Oberbürgermeisters der Stadt Frankfurt am Main, Herrn Peter Feldmann;06412000;90607;906-07;1;0;NA;NA;NA;NA;NA;NA;NA;NA;NA;NA
06.11.2022;Bürgerentscheid zur Abwahl des Oberbürgermeisters der Stadt Frankfurt am Main, Herrn Peter Feldmann;06412000;90608;906-08;1;0;NA;NA;NA;NA;NA;NA;NA;NA;NA;NA
06.11.2022;Bürgerentscheid zur Abwahl des Oberbürgermeisters der Stadt Frankfurt am Main, Herrn Peter Feldmann;06412000;90609;906-09;1;1;616;197;36;849;237;72;1;236;196;40
06.11.2022;Bürgerentscheid zur Abwahl des Oberbürgermeisters der Stadt Frankfurt am Main, Herrn Peter Feldmann;06412000;90701;907-01;1;0;NA;NA;NA;NA;NA;NA;NA;NA;NA;NA
06.11.2022;Bürgerentscheid zur Abwahl des Oberbürgermeisters der Stadt Frankfurt am Main, Herrn Peter Feldmann;06412000;90702;907-02;1;0;NA;NA;NA;NA;NA;NA;NA;NA;NA;NA
06.11.2022;Bürgerentscheid zur Abwahl des Oberbürgermeisters der Stadt Frankfurt am Main, Herrn Peter Feldmann;06412000;90703;907-03;1;0;NA;NA;NA;NA;NA;NA;NA;NA;NA;NA
06.11.2022;Bürgerentscheid zur Abwahl des Oberbürgermeisters der Stadt Frankfurt am Main, Herrn Peter Feldmann;06412000;90704;907-04;1;1;823;210;65;1098;352;93;3;349;307;42
06.11.2022;Bürgerentscheid zur Abwahl des Oberbürgermeisters der Stadt Frankfurt am Main, Herrn Peter Feldmann;06412000;90705;907-05;1;0;NA;NA;NA;NA;NA;NA;NA;NA;NA;NA
06.11.2022;Bürgerentscheid zur Abwahl des Oberbürgermeisters der Stadt Frankfurt am Main, Herrn Peter Feldmann;06412000;90706;907-06;1;0;NA;NA;NA;NA;NA;NA;NA;NA;NA;NA
06.11.2022;Bürgerentscheid zur Abwahl des Oberbürgermeisters der Stadt Frankfurt am Main, Herrn Peter Feldmann;06412000;90707;907-07;1;0;NA;NA;NA;NA;NA;NA;NA;NA;NA;NA
06.11.2022;Bürgerentscheid zur Abwahl des Oberbürgermeisters der Stadt Frankfurt am Main, Herrn Peter Feldmann;06412000;90801;908-01;1;0;NA;NA;NA;NA;NA;NA;NA;NA;NA;NA
06.11.2022;Bürgerentscheid zur Abwahl des Oberbürgermeisters der Stadt Frankfurt am Main, Herrn Peter Feldmann;06412000;90802;908-02;1;0;NA;NA;NA;NA;NA;NA;NA;NA;NA;NA
06.11.2022;Bürgerentscheid zur Abwahl des Oberbürgermeisters der Stadt Frankfurt am Main, Herrn Peter Feldmann;06412000;90803;908-03;1;0;NA;NA;NA;NA;NA;NA;NA;NA;NA;NA
06.11.2022;Bürgerentscheid zur Abwahl des Oberbürgermeisters der Stadt Frankfurt am Main, Herrn Peter Feldmann;06412000;90804;908-04;1;0;NA;NA;NA;NA;NA;NA;NA;NA;NA;NA
06.11.2022;Bürgerentscheid zur Abwahl des Oberbürgermeisters der Stadt Frankfurt am Main, Herrn Peter Feldmann;06412000;90805;908-05;1;0;NA;NA;NA;NA;NA;NA;NA;NA;NA;NA
06.11.2022;Bürgerentscheid zur Abwahl des Oberbürgermeisters der Stadt Frankfurt am Main, Herrn Peter Feldmann;06412000;90806;908-06;1;1;527;148;30;705;185;55;2;183;156;27
06.11.2022;Bürgerentscheid zur Abwahl des Oberbürgermeisters der Stadt Frankfurt am Main, Herrn Peter Feldmann;06412000;90807;908-07;1;0;NA;NA;NA;NA;NA;NA;NA;NA;NA;NA
06.11.2022;Bürgerentscheid zur Abwahl des Oberbürgermeisters der Stadt Frankfurt am Main, Herrn Peter Feldmann;06412000;90808;908-08;1;0;NA;NA;NA;NA;NA;NA;NA;NA;NA;NA
06.11.2022;Bürgerentscheid zur Abwahl des Oberbürgermeisters der Stadt Frankfurt am Main, Herrn Peter Feldmann;06412000;90809;908-09;1;0;NA;NA;NA;NA;NA;NA;NA;NA;NA;NA
06.11.2022;Bürgerentscheid zur Abwahl des Oberbürgermeisters der Stadt Frankfurt am Main, Herrn Peter Feldmann;06412000;90901;909-01;1;0;NA;NA;NA;NA;NA;NA;NA;NA;NA;NA
06.11.2022;Bürgerentscheid zur Abwahl des Oberbürgermeisters der Stadt Frankfurt am Main, Herrn Peter Feldmann;06412000;90902;909-02;1;1;658;269;61;988;322;100;3;319;261;58
06.11.2022;Bürgerentscheid zur Abwahl des Oberbürgermeisters der Stadt Frankfurt am Main, Herrn Peter Feldmann;06412000;90903;909-03;1;0;NA;NA;NA;NA;NA;NA;NA;NA;NA;NA
06.11.2022;Bürgerentscheid zur Abwahl des Oberbürgermeisters der Stadt Frankfurt am Main, Herrn Peter Feldmann;06412000;90904;909-04;1;0;NA;NA;NA;NA;NA;NA;NA;NA;NA;NA
06.11.2022;Bürgerentscheid zur Abwahl des Oberbürgermeisters der Stadt Frankfurt am Main, Herrn Peter Feldmann;06412000;90905;909-05;1;1;613;171;39;823;263;53;2;261;220;41
06.11.2022;Bürgerentscheid zur Abwahl des Oberbürgermeisters der Stadt Frankfurt am Main, Herrn Peter Feldmann;06412000;90906;909-06;1;0;NA;NA;NA;NA;NA;NA;NA;NA;NA;NA
06.11.2022;Bürgerentscheid zur Abwahl des Oberbürgermeisters der Stadt Frankfurt am Main, Herrn Peter Feldmann;06412000;90907;909-07;1;0;NA;NA;NA;NA;NA;NA;NA;NA;NA;NA
06.11.2022;Bürgerentscheid zur Abwahl des Oberbürgermeisters der Stadt Frankfurt am Main, Herrn Peter Feldmann;06412000;90908;909-08;1;0;NA;NA;NA;NA;NA;NA;NA;NA;NA;NA
06.11.2022;Bürgerentscheid zur Abwahl des Oberbürgermeisters der Stadt Frankfurt am Main, Herrn Peter Feldmann;06412000;90909;909-09;1;0;NA;NA;NA;NA;NA;NA;NA;NA;NA;NA
06.11.2022;Bürgerentscheid zur Abwahl des Oberbürgermeisters der Stadt Frankfurt am Main, Herrn Peter Feldmann;06412000;91001;910-01;1;0;NA;NA;NA;NA;NA;NA;NA;NA;NA;NA
06.11.2022;Bürgerentscheid zur Abwahl des Oberbürgermeisters der Stadt Frankfurt am Main, Herrn Peter Feldmann;06412000;91002;910-02;1;0;NA;NA;NA;NA;NA;NA;NA;NA;NA;NA
06.11.2022;Bürgerentscheid zur Abwahl des Oberbürgermeisters der Stadt Frankfurt am Main, Herrn Peter Feldmann;06412000;91003;910-03;1;0;NA;NA;NA;NA;NA;NA;NA;NA;NA;NA
06.11.2022;Bürgerentscheid zur Abwahl des Oberbürgermeisters der Stadt Frankfurt am Main, Herrn Peter Feldmann;06412000;91101;911-01;1;0;NA;NA;NA;NA;NA;NA;NA;NA;NA;NA
06.11.2022;Bürgerentscheid zur Abwahl des Oberbürgermeisters der Stadt Frankfurt am Main, Herrn Peter Feldmann;06412000;91102;911-02;1;0;NA;NA;NA;NA;NA;NA;NA;NA;NA;NA
06.11.2022;Bürgerentscheid zur Abwahl des Oberbürgermeisters der Stadt Frankfurt am Main, Herrn Peter Feldmann;06412000;91103;911-03;1;0;NA;NA;NA;NA;NA;NA;NA;NA;NA;NA
06.11.2022;Bürgerentscheid zur Abwahl des Oberbürgermeisters der Stadt Frankfurt am Main, Herrn Peter Feldmann;06412000;91104;911-04;1;1;551;254;39;844;209;50;2;207;179;28
06.11.2022;Bürgerentscheid zur Abwahl des Oberbürgermeisters der Stadt Frankfurt am Main, Herrn Peter Feldmann;06412000;91105;911-05;1;0;NA;NA;NA;NA;NA;NA;NA;NA;NA;NA
06.11.2022;Bürgerentscheid zur Abwahl des Oberbürgermeisters der Stadt Frankfurt am Main, Herrn Peter Feldmann;06412000;91106;911-06;1;0;NA;NA;NA;NA;NA;NA;NA;NA;NA;NA
06.11.2022;Bürgerentscheid zur Abwahl des Oberbürgermeisters der Stadt Frankfurt am Main, Herrn Peter Feldmann;06412000;91107;911-07;1;0;NA;NA;NA;NA;NA;NA;NA;NA;NA;NA
06.11.2022;Bürgerentscheid zur Abwahl des Oberbürgermeisters der Stadt Frankfurt am Main, Herrn Peter Feldmann;06412000;91108;911-08;1;1;599;248;56;903;319;95;2;317;280;37
06.11.2022;Bürgerentscheid zur Abwahl des Oberbürgermeisters der Stadt Frankfurt am Main, Herrn Peter Feldmann;06412000;91201;912-01;1;0;NA;NA;NA;NA;NA;NA;NA;NA;NA;NA
06.11.2022;Bürgerentscheid zur Abwahl des Oberbürgermeisters der Stadt Frankfurt am Main, Herrn Peter Feldmann;06412000;91202;912-02;1;0;NA;NA;NA;NA;NA;NA;NA;NA;NA;NA
06.11.2022;Bürgerentscheid zur Abwahl des Oberbürgermeisters der Stadt Frankfurt am Main, Herrn Peter Feldmann;06412000;91203;912-03;1;0;NA;NA;NA;NA;NA;NA;NA;NA;NA;NA
06.11.2022;Bürgerentscheid zur Abwahl des Oberbürgermeisters der Stadt Frankfurt am Main, Herrn Peter Feldmann;06412000;91204;912-04;1;0;NA;NA;NA;NA;NA;NA;NA;NA;NA;NA
06.11.2022;Bürgerentscheid zur Abwahl des Oberbürgermeisters der Stadt Frankfurt am Main, Herrn Peter Feldmann;06412000;91205;912-05;1;0;NA;NA;NA;NA;NA;NA;NA;NA;NA;NA
06.11.2022;Bürgerentscheid zur Abwahl des Oberbürgermeisters der Stadt Frankfurt am Main, Herrn Peter Feldmann;06412000;91206;912-06;1;0;NA;NA;NA;NA;NA;NA;NA;NA;NA;NA
06.11.2022;Bürgerentscheid zur Abwahl des Oberbürgermeisters der Stadt Frankfurt am Main, Herrn Peter Feldmann;06412000;91207;912-07;1;1;699;302;43;1044;250;55;2;248;218;30
06.11.2022;Bürgerentscheid zur Abwahl des Oberbürgermeisters der Stadt Frankfurt am Main, Herrn Peter Feldmann;06412000;91208;912-08;1;0;NA;NA;NA;NA;NA;NA;NA;NA;NA;NA
06.11.2022;Bürgerentscheid zur Abwahl des Oberbürgermeisters der Stadt Frankfurt am Main, Herrn Peter Feldmann;06412000;91209;912-09;1;0;NA;NA;NA;NA;NA;NA;NA;NA;NA;NA
06.11.2022;Bürgerentscheid zur Abwahl des Oberbürgermeisters der Stadt Frankfurt am Main, Herrn Peter Feldmann;06412000;91210;912-10;1;1;515;128;26;669;187;58;2;185;152;33
06.11.2022;Bürgerentscheid zur Abwahl des Oberbürgermeisters der Stadt Frankfurt am Main, Herrn Peter Feldmann;06412000;91211;912-11;1;0;NA;NA;NA;NA;NA;NA;NA;NA;NA;NA
06.11.2022;Bürgerentscheid zur Abwahl des Oberbürgermeisters der Stadt Frankfurt am Main, Herrn Peter Feldmann;06412000;91301;913-01;1;1;609;192;35;836;310;90;3;307;260;47
06.11.2022;Bürgerentscheid zur Abwahl des Oberbürgermeisters der Stadt Frankfurt am Main, Herrn Peter Feldmann;06412000;91302;913-02;1;0;NA;NA;NA;NA;NA;NA;NA;NA;NA;NA
06.11.2022;Bürgerentscheid zur Abwahl des Oberbürgermeisters der Stadt Frankfurt am Main, Herrn Peter Feldmann;06412000;91303;913-03;1;1;678;292;61;1031;315;63;3;312;274;38
06.11.2022;Bürgerentscheid zur Abwahl des Oberbürgermeisters der Stadt Frankfurt am Main, Herrn Peter Feldmann;06412000;91304;913-04;1;0;NA;NA;NA;NA;NA;NA;NA;NA;NA;NA
06.11.2022;Bürgerentscheid zur Abwahl des Oberbürgermeisters der Stadt Frankfurt am Main, Herrn Peter Feldmann;06412000;91305;913-05;1;0;NA;NA;NA;NA;NA;NA;NA;NA;NA;NA
06.11.2022;Bürgerentscheid zur Abwahl des Oberbürgermeisters der Stadt Frankfurt am Main, Herrn Peter Feldmann;06412000;91306;913-06;1;0;NA;NA;NA;NA;NA;NA;NA;NA;NA;NA
06.11.2022;Bürgerentscheid zur Abwahl des Oberbürgermeisters der Stadt Frankfurt am Main, Herrn Peter Feldmann;06412000;91307;913-07;1;0;NA;NA;NA;NA;NA;NA;NA;NA;NA;NA
06.11.2022;Bürgerentscheid zur Abwahl des Oberbürgermeisters der Stadt Frankfurt am Main, Herrn Peter Feldmann;06412000;91308;913-08;1;0;NA;NA;NA;NA;NA;NA;NA;NA;NA;NA
06.11.2022;Bürgerentscheid zur Abwahl des Oberbürgermeisters der Stadt Frankfurt am Main, Herrn Peter Feldmann;06412000;91309;913-09;1;1;737;276;49;1062;352;97;3;349;285;64
06.11.2022;Bürgerentscheid zur Abwahl des Oberbürgermeisters der Stadt Frankfurt am Main, Herrn Peter Feldmann;06412000;91310;913-10;1;0;NA;NA;NA;NA;NA;NA;NA;NA;NA;NA
06.11.2022;Bürgerentscheid zur Abwahl des Oberbürgermeisters der Stadt Frankfurt am Main, Herrn Peter Feldmann;06412000;91401;914-01;1;0;NA;NA;NA;NA;NA;NA;NA;NA;NA;NA
06.11.2022;Bürgerentscheid zur Abwahl des Oberbürgermeisters der Stadt Frankfurt am Main, Herrn Peter Feldmann;06412000;91402;914-02;1;0;NA;NA;NA;NA;NA;NA;NA;NA;NA;NA
06.11.2022;Bürgerentscheid zur Abwahl des Oberbürgermeisters der Stadt Frankfurt am Main, Herrn Peter Feldmann;06412000;91403;914-03;1;0;NA;NA;NA;NA;NA;NA;NA;NA;NA;NA
06.11.2022;Bürgerentscheid zur Abwahl des Oberbürgermeisters der Stadt Frankfurt am Main, Herrn Peter Feldmann;06412000;91404;914-04;1;1;662;165;45;872;219;56;2;217;178;39
06.11.2022;Bürgerentscheid zur Abwahl des Oberbürgermeisters der Stadt Frankfurt am Main, Herrn Peter Feldmann;06412000;91405;914-05;1;0;NA;NA;NA;NA;NA;NA;NA;NA;NA;NA
06.11.2022;Bürgerentscheid zur Abwahl des Oberbürgermeisters der Stadt Frankfurt am Main, Herrn Peter Feldmann;06412000;91406;914-06;1;0;NA;NA;NA;NA;NA;NA;NA;NA;NA;NA
06.11.2022;Bürgerentscheid zur Abwahl des Oberbürgermeisters der Stadt Frankfurt am Main, Herrn Peter Feldmann;06412000;91407;914-07;1;0;NA;NA;NA;NA;NA;NA;NA;NA;NA;NA
06.11.2022;Bürgerentscheid zur Abwahl des Oberbürgermeisters der Stadt Frankfurt am Main, Herrn Peter Feldmann;06412000;91408;914-08;1;0;NA;NA;NA;NA;NA;NA;NA;NA;NA;NA
06.11.2022;Bürgerentscheid zur Abwahl des Oberbürgermeisters der Stadt Frankfurt am Main, Herrn Peter Feldmann;06412000;91409;914-09;1;0;NA;NA;NA;NA;NA;NA;NA;NA;NA;NA
06.11.2022;Bürgerentscheid zur Abwahl des Oberbürgermeisters der Stadt Frankfurt am Main, Herrn Peter Feldmann;06412000;91601;916-01;1;0;NA;NA;NA;NA;NA;NA;NA;NA;NA;NA
06.11.2022;Bürgerentscheid zur Abwahl des Oberbürgermeisters der Stadt Frankfurt am Main, Herrn Peter Feldmann;06412000;91602;916-02;1;0;NA;NA;NA;NA;NA;NA;NA;NA;NA;NA
06.11.2022;Bürgerentscheid zur Abwahl des Oberbürgermeisters der Stadt Frankfurt am Main, Herrn Peter Feldmann;06412000;91603;916-03;1;1;594;235;49;878;236;46;2;234;201;33
06.11.2022;Bürgerentscheid zur Abwahl des Oberbürgermeisters der Stadt Frankfurt am Main, Herrn Peter Feldmann;06412000;91701;917-01;1;0;NA;NA;NA;NA;NA;NA;NA;NA;NA;NA
06.11.2022;Bürgerentscheid zur Abwahl des Oberbürgermeisters der Stadt Frankfurt am Main, Herrn Peter Feldmann;06412000;91702;917-02;1;0;NA;NA;NA;NA;NA;NA;NA;NA;NA;NA
06.11.2022;Bürgerentscheid zur Abwahl des Oberbürgermeisters der Stadt Frankfurt am Main, Herrn Peter Feldmann;06412000;91703;917-03;1;0;NA;NA;NA;NA;NA;NA;NA;NA;NA;NA
06.11.2022;Bürgerentscheid zur Abwahl des Oberbürgermeisters der Stadt Frankfurt am Main, Herrn Peter Feldmann;06412000;91704;917-04;1;0;NA;NA;NA;NA;NA;NA;NA;NA;NA;NA
06.11.2022;Bürgerentscheid zur Abwahl des Oberbürgermeisters der Stadt Frankfurt am Main, Herrn Peter Feldmann;06412000;91705;917-05;1;1;700;202;35;937;292;72;2;290;246;44
06.11.2022;Bürgerentscheid zur Abwahl des Oberbürgermeisters der Stadt Frankfurt am Main, Herrn Peter Feldmann;06412000;91706;917-06;1;0;NA;NA;NA;NA;NA;NA;NA;NA;NA;NA
06.11.2022;Bürgerentscheid zur Abwahl des Oberbürgermeisters der Stadt Frankfurt am Main, Herrn Peter Feldmann;06412000;91801;918-01;1;0;NA;NA;NA;NA;NA;NA;NA;NA;NA;NA
06.11.2022;Bürgerentscheid zur Abwahl des Oberbürgermeisters der Stadt Frankfurt am Main, Herrn Peter Feldmann;06412000;91802;918-02;1;1;725;248;56;1029;295;88;3;292;258;34
06.11.2022;Bürgerentscheid zur Abwahl des Oberbürgermeisters der Stadt Frankfurt am Main, Herrn Peter Feldmann;06412000;91803;918-03;1;0;NA;NA;NA;NA;NA;NA;NA;NA;NA;NA
06.11.2022;Bürgerentscheid zur Abwahl des Oberbürgermeisters der Stadt Frankfurt am Main, Herrn Peter Feldmann;06412000;91804;918-04;1;0;NA;NA;NA;NA;NA;NA;NA;NA;NA;NA
06.11.2022;Bürgerentscheid zur Abwahl des Oberbürgermeisters der Stadt Frankfurt am Main, Herrn Peter Feldmann;06412000;91805;918-05;1;1;752;209;44;1005;278;58;2;276;240;36
06.11.2022;Bürgerentscheid zur Abwahl des Oberbürgermeisters der Stadt Frankfurt am Main, Herrn Peter Feldmann;06412000;91806;918-06;1;0;NA;NA;NA;NA;NA;NA;NA;NA;NA;NA
06.11.2022;Bürgerentscheid zur Abwahl des Oberbürgermeisters der Stadt Frankfurt am Main, Herrn Peter Feldmann;06412000;91901;919-01;1;1;663;182;33;878;301;92;2;299;247;52
06.11.2022;Bürgerentscheid zur Abwahl des Oberbürgermeisters der Stadt Frankfurt am Main, Herrn Peter Feldmann;06412000;91902;919-02;1;0;NA;NA;NA;NA;NA;NA;NA;NA;NA;NA
06.11.2022;Bürgerentscheid zur Abwahl des Oberbürgermeisters der Stadt Frankfurt am Main, Herrn Peter Feldmann;06412000;91903;919-03;1;0;NA;NA;NA;NA;NA;NA;NA;NA;NA;NA
06.11.2022;Bürgerentscheid zur Abwahl des Oberbürgermeisters der Stadt Frankfurt am Main, Herrn Peter Feldmann;06412000;91904;919-04;1;0;NA;NA;NA;NA;NA;NA;NA;NA;NA;NA
06.11.2022;Bürgerentscheid zur Abwahl des Oberbürgermeisters der Stadt Frankfurt am Main, Herrn Peter Feldmann;06412000;91905;919-05;1;0;NA;NA;NA;NA;NA;NA;NA;NA;NA;NA
06.11.2022;Bürgerentscheid zur Abwahl des Oberbürgermeisters der Stadt Frankfurt am Main, Herrn Peter Feldmann;06412000;92001;920-01;1;1;637;244;36;917;259;68;2;257;225;32
06.11.2022;Bürgerentscheid zur Abwahl des Oberbürgermeisters der Stadt Frankfurt am Main, Herrn Peter Feldmann;06412000;92002;920-02;1;0;NA;NA;NA;NA;NA;NA;NA;NA;NA;NA
06.11.2022;Bürgerentscheid zur Abwahl des Oberbürgermeisters der Stadt Frankfurt am Main, Herrn Peter Feldmann;06412000;92003;920-03;1;0;NA;NA;NA;NA;NA;NA;NA;NA;NA;NA
06.11.2022;Bürgerentscheid zur Abwahl des Oberbürgermeisters der Stadt Frankfurt am Main, Herrn Peter Feldmann;06412000;92004;920-04;1;1;590;161;31;782;277;57;2;275;233;42
06.11.2022;Bürgerentscheid zur Abwahl des Oberbürgermeisters der Stadt Frankfurt am Main, Herrn Peter Feldmann;06412000;92005;920-05;1;0;NA;NA;NA;NA;NA;NA;NA;NA;NA;NA
06.11.2022;Bürgerentscheid zur Abwahl des Oberbürgermeisters der Stadt Frankfurt am Main, Herrn Peter Feldmann;06412000;92101;921-01;1;0;NA;NA;NA;NA;NA;NA;NA;NA;NA;NA
06.11.2022;Bürgerentscheid zur Abwahl des Oberbürgermeisters der Stadt Frankfurt am Main, Herrn Peter Feldmann;06412000;92102;921-02;1;1;437;192;38;667;178;36;1;177;153;24
06.11.2022;Bürgerentscheid zur Abwahl des Oberbürgermeisters der Stadt Frankfurt am Main, Herrn Peter Feldmann;06412000;92201;922-01;1;0;NA;NA;NA;NA;NA;NA;NA;NA;NA;NA
06.11.2022;Bürgerentscheid zur Abwahl des Oberbürgermeisters der Stadt Frankfurt am Main, Herrn Peter Feldmann;06412000;92202;922-02;1;0;NA;NA;NA;NA;NA;NA;NA;NA;NA;NA
06.11.2022;Bürgerentscheid zur Abwahl des Oberbürgermeisters der Stadt Frankfurt am Main, Herrn Peter Feldmann;06412000;92203;922-03;1;0;NA;NA;NA;NA;NA;NA;NA;NA;NA;NA
06.11.2022;Bürgerentscheid zur Abwahl des Oberbürgermeisters der Stadt Frankfurt am Main, Herrn Peter Feldmann;06412000;92204;922-04;1;0;NA;NA;NA;NA;NA;NA;NA;NA;NA;NA
06.11.2022;Bürgerentscheid zur Abwahl des Oberbürgermeisters der Stadt Frankfurt am Main, Herrn Peter Feldmann;06412000;92205;922-05;1;0;NA;NA;NA;NA;NA;NA;NA;NA;NA;NA
06.11.2022;Bürgerentscheid zur Abwahl des Oberbürgermeisters der Stadt Frankfurt am Main, Herrn Peter Feldmann;06412000;92401;924-01;1;0;NA;NA;NA;NA;NA;NA;NA;NA;NA;NA
06.11.2022;Bürgerentscheid zur Abwahl des Oberbürgermeisters der Stadt Frankfurt am Main, Herrn Peter Feldmann;06412000;92402;924-02;1;0;NA;NA;NA;NA;NA;NA;NA;NA;NA;NA
06.11.2022;Bürgerentscheid zur Abwahl des Oberbürgermeisters der Stadt Frankfurt am Main, Herrn Peter Feldmann;06412000;92403;924-03;1;0;NA;NA;NA;NA;NA;NA;NA;NA;NA;NA
06.11.2022;Bürgerentscheid zur Abwahl des Oberbürgermeisters der Stadt Frankfurt am Main, Herrn Peter Feldmann;06412000;92404;924-04;1;0;NA;NA;NA;NA;NA;NA;NA;NA;NA;NA
06.11.2022;Bürgerentscheid zur Abwahl des Oberbürgermeisters der Stadt Frankfurt am Main, Herrn Peter Feldmann;06412000;92405;924-05;1;0;NA;NA;NA;NA;NA;NA;NA;NA;NA;NA
06.11.2022;Bürgerentscheid zur Abwahl des Oberbürgermeisters der Stadt Frankfurt am Main, Herrn Peter Feldmann;06412000;92501;925-01;1;0;NA;NA;NA;NA;NA;NA;NA;NA;NA;NA
06.11.2022;Bürgerentscheid zur Abwahl des Oberbürgermeisters der Stadt Frankfurt am Main, Herrn Peter Feldmann;06412000;92502;925-02;1;0;NA;NA;NA;NA;NA;NA;NA;NA;NA;NA
06.11.2022;Bürgerentscheid zur Abwahl des Oberbürgermeisters der Stadt Frankfurt am Main, Herrn Peter Feldmann;06412000;92503;925-03;1;0;NA;NA;NA;NA;NA;NA;NA;NA;NA;NA
06.11.2022;Bürgerentscheid zur Abwahl des Oberbürgermeisters der Stadt Frankfurt am Main, Herrn Peter Feldmann;06412000;92504;925-04;1;0;NA;NA;NA;NA;NA;NA;NA;NA;NA;NA
06.11.2022;Bürgerentscheid zur Abwahl des Oberbürgermeisters der Stadt Frankfurt am Main, Herrn Peter Feldmann;06412000;92601;926-01;1;0;NA;NA;NA;NA;NA;NA;NA;NA;NA;NA
06.11.2022;Bürgerentscheid zur Abwahl des Oberbürgermeisters der Stadt Frankfurt am Main, Herrn Peter Feldmann;06412000;92602;926-02;1;0;NA;NA;NA;NA;NA;NA;NA;NA;NA;NA
06.11.2022;Bürgerentscheid zur Abwahl des Oberbürgermeisters der Stadt Frankfurt am Main, Herrn Peter Feldmann;06412000;92603;926-03;1;0;NA;NA;NA;NA;NA;NA;NA;NA;NA;NA
06.11.2022;Bürgerentscheid zur Abwahl des Oberbürgermeisters der Stadt Frankfurt am Main, Herrn Peter Feldmann;06412000;92604;926-04;1;0;NA;NA;NA;NA;NA;NA;NA;NA;NA;NA
06.11.2022;Bürgerentscheid zur Abwahl des Oberbürgermeisters der Stadt Frankfurt am Main, Herrn Peter Feldmann;06412000;92701;927-01;1;0;NA;NA;NA;NA;NA;NA;NA;NA;NA;NA
06.11.2022;Bürgerentscheid zur Abwahl des Oberbürgermeisters der Stadt Frankfurt am Main, Herrn Peter Feldmann;06412000;92702;927-02;1;0;NA;NA;NA;NA;NA;NA;NA;NA;NA;NA
06.11.2022;Bürgerentscheid zur Abwahl des Oberbürgermeisters der Stadt Frankfurt am Main, Herrn Peter Feldmann;06412000;92703;927-03;1;0;NA;NA;NA;NA;NA;NA;NA;NA;NA;NA
06.11.2022;Bürgerentscheid zur Abwahl des Oberbürgermeisters der Stadt Frankfurt am Main, Herrn Peter Feldmann;06412000;92704;927-04;1;0;NA;NA;NA;NA;NA;NA;NA;NA;NA;NA
06.11.2022;Bürgerentscheid zur Abwahl des Oberbürgermeisters der Stadt Frankfurt am Main, Herrn Peter Feldmann;06412000;92705;927-05;1;0;NA;NA;NA;NA;NA;NA;NA;NA;NA;NA
06.11.2022;Bürgerentscheid zur Abwahl des Oberbürgermeisters der Stadt Frankfurt am Main, Herrn Peter Feldmann;06412000;92706;927-06;1;0;NA;NA;NA;NA;NA;NA;NA;NA;NA;NA
06.11.2022;Bürgerentscheid zur Abwahl des Oberbürgermeisters der Stadt Frankfurt am Main, Herrn Peter Feldmann;06412000;92801;928-01;1;0;NA;NA;NA;NA;NA;NA;NA;NA;NA;NA
06.11.2022;Bürgerentscheid zur Abwahl des Oberbürgermeisters der Stadt Frankfurt am Main, Herrn Peter Feldmann;06412000;92802;928-02;1;0;NA;NA;NA;NA;NA;NA;NA;NA;NA;NA
06.11.2022;Bürgerentscheid zur Abwahl des Oberbürgermeisters der Stadt Frankfurt am Main, Herrn Peter Feldmann;06412000;92803;928-03;1;0;NA;NA;NA;NA;NA;NA;NA;NA;NA;NA
06.11.2022;Bürgerentscheid zur Abwahl des Oberbürgermeisters der Stadt Frankfurt am Main, Herrn Peter Feldmann;06412000;92804;928-04;1;0;NA;NA;NA;NA;NA;NA;NA;NA;NA;NA
06.11.2022;Bürgerentscheid zur Abwahl des Oberbürgermeisters der Stadt Frankfurt am Main, Herrn Peter Feldmann;06412000;92901;929-01;1;0;NA;NA;NA;NA;NA;NA;NA;NA;NA;NA
06.11.2022;Bürgerentscheid zur Abwahl des Oberbürgermeisters der Stadt Frankfurt am Main, Herrn Peter Feldmann;06412000;92902;929-02;1;0;NA;NA;NA;NA;NA;NA;NA;NA;NA;NA
06.11.2022;Bürgerentscheid zur Abwahl des Oberbürgermeisters der Stadt Frankfurt am Main, Herrn Peter Feldmann;06412000;92903;929-03;1;0;NA;NA;NA;NA;NA;NA;NA;NA;NA;NA
06.11.2022;Bürgerentscheid zur Abwahl des Oberbürgermeisters der Stadt Frankfurt am Main, Herrn Peter Feldmann;06412000;92904;929-04;1;1;468;225;33;726;230;43;2;228;200;28
06.11.2022;Bürgerentscheid zur Abwahl des Oberbürgermeisters der Stadt Frankfurt am Main, Herrn Peter Feldmann;06412000;93001;930-01;1;0;NA;NA;NA;NA;NA;NA;NA;NA;NA;NA
06.11.2022;Bürgerentscheid zur Abwahl des Oberbürgermeisters der Stadt Frankfurt am Main, Herrn Peter Feldmann;06412000;93002;930-02;1;0;NA;NA;NA;NA;NA;NA;NA;NA;NA;NA
06.11.2022;Bürgerentscheid zur Abwahl des Oberbürgermeisters der Stadt Frankfurt am Main, Herrn Peter Feldmann;06412000;93003;930-03;1;0;NA;NA;NA;NA;NA;NA;NA;NA;NA;NA
06.11.2022;Bürgerentscheid zur Abwahl des Oberbürgermeisters der Stadt Frankfurt am Main, Herrn Peter Feldmann;06412000;93004;930-04;1;0;NA;NA;NA;NA;NA;NA;NA;NA;NA;NA
06.11.2022;Bürgerentscheid zur Abwahl des Oberbürgermeisters der Stadt Frankfurt am Main, Herrn Peter Feldmann;06412000;93101;931-01;1;0;NA;NA;NA;NA;NA;NA;NA;NA;NA;NA
06.11.2022;Bürgerentscheid zur Abwahl des Oberbürgermeisters der Stadt Frankfurt am Main, Herrn Peter Feldmann;06412000;93102;931-02;1;0;NA;NA;NA;NA;NA;NA;NA;NA;NA;NA
06.11.2022;Bürgerentscheid zur Abwahl des Oberbürgermeisters der Stadt Frankfurt am Main, Herrn Peter Feldmann;06412000;93201;932-01;1;0;NA;NA;NA;NA;NA;NA;NA;NA;NA;NA
06.11.2022;Bürgerentscheid zur Abwahl des Oberbürgermeisters der Stadt Frankfurt am Main, Herrn Peter Feldmann;06412000;93301;933-01;1;0;NA;NA;NA;NA;NA;NA;NA;NA;NA;NA
06.11.2022;Bürgerentscheid zur Abwahl des Oberbürgermeisters der Stadt Frankfurt am Main, Herrn Peter Feldmann;06412000;93401;934-01;1;0;NA;NA;NA;NA;NA;NA;NA;NA;NA;NA
06.11.2022;Bürgerentscheid zur Abwahl des Oberbürgermeisters der Stadt Frankfurt am Main, Herrn Peter Feldmann;06412000;93402;934-02;1;1;555;135;30;720;232;56;2;230;203;27
06.11.2022;Bürgerentscheid zur Abwahl des Oberbürgermeisters der Stadt Frankfurt am Main, Herrn Peter Feldmann;06412000;93403;934-03;1;0;NA;NA;NA;NA;NA;NA;NA;NA;NA;NA
06.11.2022;Bürgerentscheid zur Abwahl des Oberbürgermeisters der Stadt Frankfurt am Main, Herrn Peter Feldmann;06412000;93501;935-01;1;0;NA;NA;NA;NA;NA;NA;NA;NA;NA;NA
06.11.2022;Bürgerentscheid zur Abwahl des Oberbürgermeisters der Stadt Frankfurt am Main, Herrn Peter Feldmann;06412000;93502;935-02;1;0;NA;NA;NA;NA;NA;NA;NA;NA;NA;NA
06.11.2022;Bürgerentscheid zur Abwahl des Oberbürgermeisters der Stadt Frankfurt am Main, Herrn Peter Feldmann;06412000;93503;935-03;1;0;NA;NA;NA;NA;NA;NA;NA;NA;NA;NA
06.11.2022;Bürgerentscheid zur Abwahl des Oberbürgermeisters der Stadt Frankfurt am Main, Herrn Peter Feldmann;06412000;93504;935-04;1;0;NA;NA;NA;NA;NA;NA;NA;NA;NA;NA
06.11.2022;Bürgerentscheid zur Abwahl des Oberbürgermeisters der Stadt Frankfurt am Main, Herrn Peter Feldmann;06412000;93601;936-01;1;0;NA;NA;NA;NA;NA;NA;NA;NA;NA;NA
06.11.2022;Bürgerentscheid zur Abwahl des Oberbürgermeisters der Stadt Frankfurt am Main, Herrn Peter Feldmann;06412000;93602;936-02;1;0;NA;NA;NA;NA;NA;NA;NA;NA;NA;NA
06.11.2022;Bürgerentscheid zur Abwahl des Oberbürgermeisters der Stadt Frankfurt am Main, Herrn Peter Feldmann;06412000;93603;936-03;1;0;NA;NA;NA;NA;NA;NA;NA;NA;NA;NA
06.11.2022;Bürgerentscheid zur Abwahl des Oberbürgermeisters der Stadt Frankfurt am Main, Herrn Peter Feldmann;06412000;93701;937-01;1;0;NA;NA;NA;NA;NA;NA;NA;NA;NA;NA
06.11.2022;Bürgerentscheid zur Abwahl des Oberbürgermeisters der Stadt Frankfurt am Main, Herrn Peter Feldmann;06412000;93702;937-02;1;0;NA;NA;NA;NA;NA;NA;NA;NA;NA;NA
06.11.2022;Bürgerentscheid zur Abwahl des Oberbürgermeisters der Stadt Frankfurt am Main, Herrn Peter Feldmann;06412000;93703;937-03;1;0;NA;NA;NA;NA;NA;NA;NA;NA;NA;NA
06.11.2022;Bürgerentscheid zur Abwahl des Oberbürgermeisters der Stadt Frankfurt am Main, Herrn Peter Feldmann;06412000;93704;937-04;1;0;NA;NA;NA;NA;NA;NA;NA;NA;NA;NA
06.11.2022;Bürgerentscheid zur Abwahl des Oberbürgermeisters der Stadt Frankfurt am Main, Herrn Peter Feldmann;06412000;93801;938-01;1;0;NA;NA;NA;NA;NA;NA;NA;NA;NA;NA
06.11.2022;Bürgerentscheid zur Abwahl des Oberbürgermeisters der Stadt Frankfurt am Main, Herrn Peter Feldmann;06412000;93802;938-02;1;0;NA;NA;NA;NA;NA;NA;NA;NA;NA;NA
06.11.2022;Bürgerentscheid zur Abwahl des Oberbürgermeisters der Stadt Frankfurt am Main, Herrn Peter Feldmann;06412000;93901;939-01;1;0;NA;NA;NA;NA;NA;NA;NA;NA;NA;NA
06.11.2022;Bürgerentscheid zur Abwahl des Oberbürgermeisters der Stadt Frankfurt am Main, Herrn Peter Feldmann;06412000;93902;939-02;1;0;NA;NA;NA;NA;NA;NA;NA;NA;NA;NA
06.11.2022;Bürgerentscheid zur Abwahl des Oberbürgermeisters der Stadt Frankfurt am Main, Herrn Peter Feldmann;06412000;93903;939-03;1;0;NA;NA;NA;NA;NA;NA;NA;NA;NA;NA
06.11.2022;Bürgerentscheid zur Abwahl des Oberbürgermeisters der Stadt Frankfurt am Main, Herrn Peter Feldmann;06412000;94001;940-01;1;1;591;249;45;885;271;73;3;268;226;42
06.11.2022;Bürgerentscheid zur Abwahl des Oberbürgermeisters der Stadt Frankfurt am Main, Herrn Peter Feldmann;06412000;94002;940-02;1;0;NA;NA;NA;NA;NA;NA;NA;NA;NA;NA
06.11.2022;Bürgerentscheid zur Abwahl des Oberbürgermeisters der Stadt Frankfurt am Main, Herrn Peter Feldmann;06412000;94003;940-03;1;0;NA;NA;NA;NA;NA;NA;NA;NA;NA;NA
06.11.2022;Bürgerentscheid zur Abwahl des Oberbürgermeisters der Stadt Frankfurt am Main, Herrn Peter Feldmann;06412000;94004;940-04;1;0;NA;NA;NA;NA;NA;NA;NA;NA;NA;NA
06.11.2022;Bürgerentscheid zur Abwahl des Oberbürgermeisters der Stadt Frankfurt am Main, Herrn Peter Feldmann;06412000;94101;941-01;1;0;NA;NA;NA;NA;NA;NA;NA;NA;NA;NA
06.11.2022;Bürgerentscheid zur Abwahl des Oberbürgermeisters der Stadt Frankfurt am Main, Herrn Peter Feldmann;06412000;94102;941-02;1;0;NA;NA;NA;NA;NA;NA;NA;NA;NA;NA
06.11.2022;Bürgerentscheid zur Abwahl des Oberbürgermeisters der Stadt Frankfurt am Main, Herrn Peter Feldmann;06412000;94103;941-03;1;0;NA;NA;NA;NA;NA;NA;NA;NA;NA;NA
06.11.2022;Bürgerentscheid zur Abwahl des Oberbürgermeisters der Stadt Frankfurt am Main, Herrn Peter Feldmann;06412000;94104;941-04;1;1;617;164;32;813;241;53;2;239;212;27
06.11.2022;Bürgerentscheid zur Abwahl des Oberbürgermeisters der Stadt Frankfurt am Main, Herrn Peter Feldmann;06412000;94201;942-01;1;1;631;252;40;923;339;69;4;335;282;53
06.11.2022;Bürgerentscheid zur Abwahl des Oberbürgermeisters der Stadt Frankfurt am Main, Herrn Peter Feldmann;06412000;94202;942-02;1;0;NA;NA;NA;NA;NA;NA;NA;NA;NA;NA
06.11.2022;Bürgerentscheid zur Abwahl des Oberbürgermeisters der Stadt Frankfurt am Main, Herrn Peter Feldmann;06412000;94301;943-01;1;0;NA;NA;NA;NA;NA;NA;NA;NA;NA;NA
06.11.2022;Bürgerentscheid zur Abwahl des Oberbürgermeisters der Stadt Frankfurt am Main, Herrn Peter Feldmann;06412000;94302;943-02;1;0;NA;NA;NA;NA;NA;NA;NA;NA;NA;NA
06.11.2022;Bürgerentscheid zur Abwahl des Oberbürgermeisters der Stadt Frankfurt am Main, Herrn Peter Feldmann;06412000;94303;943-03;1;1;562;242;34;838;314;83;3;311;254;57
06.11.2022;Bürgerentscheid zur Abwahl des Oberbürgermeisters der Stadt Frankfurt am Main, Herrn Peter Feldmann;06412000;94304;943-04;1;0;NA;NA;NA;NA;NA;NA;NA;NA;NA;NA
06.11.2022;Bürgerentscheid zur Abwahl des Oberbürgermeisters der Stadt Frankfurt am Main, Herrn Peter Feldmann;06412000;94305;943-05;1;0;NA;NA;NA;NA;NA;NA;NA;NA;NA;NA
06.11.2022;Bürgerentscheid zur Abwahl des Oberbürgermeisters der Stadt Frankfurt am Main, Herrn Peter Feldmann;06412000;94401;944-01;1;0;NA;NA;NA;NA;NA;NA;NA;NA;NA;NA
06.11.2022;Bürgerentscheid zur Abwahl des Oberbürgermeisters der Stadt Frankfurt am Main, Herrn Peter Feldmann;06412000;94402;944-02;1;0;NA;NA;NA;NA;NA;NA;NA;NA;NA;NA
06.11.2022;Bürgerentscheid zur Abwahl des Oberbürgermeisters der Stadt Frankfurt am Main, Herrn Peter Feldmann;06412000;94501;945-01;1;0;NA;NA;NA;NA;NA;NA;NA;NA;NA;NA
06.11.2022;Bürgerentscheid zur Abwahl des Oberbürgermeisters der Stadt Frankfurt am Main, Herrn Peter Feldmann;06412000;94502;945-02;1;0;NA;NA;NA;NA;NA;NA;NA;NA;NA;NA
06.11.2022;Bürgerentscheid zur Abwahl des Oberbürgermeisters der Stadt Frankfurt am Main, Herrn Peter Feldmann;06412000;94503;945-03;1;0;NA;NA;NA;NA;NA;NA;NA;NA;NA;NA
06.11.2022;Bürgerentscheid zur Abwahl des Oberbürgermeisters der Stadt Frankfurt am Main, Herrn Peter Feldmann;06412000;94601;946-01;1;0;NA;NA;NA;NA;NA;NA;NA;NA;NA;NA
06.11.2022;Bürgerentscheid zur Abwahl des Oberbürgermeisters der Stadt Frankfurt am Main, Herrn Peter Feldmann;06412000;94602;946-02;1;0;NA;NA;NA;NA;NA;NA;NA;NA;NA;NA
06.11.2022;Bürgerentscheid zur Abwahl des Oberbürgermeisters der Stadt Frankfurt am Main, Herrn Peter Feldmann;06412000;94603;946-03;1;1;735;287;55;1077;299;76;2;297;258;39
06.11.2022;Bürgerentscheid zur Abwahl des Oberbürgermeisters der Stadt Frankfurt am Main, Herrn Peter Feldmann;06412000;94604;946-04;1;0;NA;NA;NA;NA;NA;NA;NA;NA;NA;NA
06.11.2022;Bürgerentscheid zur Abwahl des Oberbürgermeisters der Stadt Frankfurt am Main, Herrn Peter Feldmann;06412000;94605;946-05;1;0;NA;NA;NA;NA;NA;NA;NA;NA;NA;NA
06.11.2022;Bürgerentscheid zur Abwahl des Oberbürgermeisters der Stadt Frankfurt am Main, Herrn Peter Feldmann;06412000;94701;947-01;1;0;NA;NA;NA;NA;NA;NA;NA;NA;NA;NA
06.11.2022;Bürgerentscheid zur Abwahl des Oberbürgermeisters der Stadt Frankfurt am Main, Herrn Peter Feldmann;06412000;94702;947-02;1;0;NA;NA;NA;NA;NA;NA;NA;NA;NA;NA
